scons: Entering directory `/Users/amir/lab/fah-client/cbang'
scons: Reading SConscript files ...
     Compiler: clang (clang)
     Platform: darwin
Compiler Mode: gnu
   Build Mode: debug
         Arch: x86
       Jobs: 6
Checking for C library pthread... yes
Checking for C header file zlib.h... yes
Checking for C library z... yes
Checking for C header file bzlib.h... yes
Checking for C library bz2... yes
Checking for C header file lz4frame.h... no
Need header lz4frame.h(cached) error: no result
Checking for C header file expat.h... yes
Checking for C library expat... yes
Checking for C header file pthread.h... yes
Checking for C library pthread... yes
Checking for C library dl... yes
Checking for C library sqlite3... yes
Checking for C header file sqlite3.h... yes
Checking for C function sqlite3_backup_init()... yes
Checking for C header file yaml.h... no
Need header yaml.h(cached) error: no result
Checking for C library snappy... no
Need library snappy(cached) error: no result
Checking for C header file mysql/mysql.h... no
Checking for C header file event2/event.h... no
Need header event2/event.h(cached) error: no result
Checking for C function epoll_create1()... no
Checking for C library zstd... no
Checking for C header file openssl/ssl.h... yes
Checking for C library crypto... yes
Checking for C library ssl... yes
Checking for openssl version >= 1.1.0...yes
Checking for C++ header file v8.h... no
Need C++ header v8.h(cached) error: no result
Checking for C header file pthread.h... yes
Checking for C library pthread... yes
Checking for framework CoreServices... yes
Checking for framework IOKit... yes
Checking for framework Security... yes
Checking for framework SystemConfiguration... yes
Checking for framework CoreFoundation... yes
Checking for C header file valgrind/valgrind.h... no
Checking for C header file execinfo.h... yes
Checking for C header file bfd.h... no
Checking for C library iberty... no
Checking for C library sframe... no
Checking for C library zstd... no
Checking for C function bfd_get_error_handler()... no
Checking for C function accept4()... no
Checking for C function arc4random()... yes
Checking for C function arc4random_buf()... yes
Checking for C function clock_gettime()... yes
Checking for C function epoll_create()... no
Checking for C function epoll_create1()... no
Checking for C function eventfd()... no
Checking for C function getaddrinfo()... yes
Checking for C function getegid()... yes
Checking for C function geteuid()... yes
Checking for C function getifaddrs()... yes
Checking for C function getprotobynumber()... yes
Checking for C function getservbyname()... yes
Checking for C function gettimeofday()... yes
Checking for C function inet_ntop()... yes
Checking for C function inet_pton()... yes
Checking for C function issetugid()... yes
Checking for C function kqueue()... yes
Checking for C function mach_absolute_time()... yes
Checking for C function mmap()... yes
Checking for C function nanosleep()... yes
Checking for C function pipe()... yes
Checking for C function pipe2()... yes
Checking for C function poll()... yes
Checking for C function select()... yes
Checking for C function sendfile()... yes
Checking for C function sigaction()... yes
Checking for C function strlcpy()... yes
Checking for C function strtok_r()... yes
Checking for C function strtoll()... yes
Checking for C function sysctl()... yes
Checking for C function timerfd_create()... no
Checking for C function usleep()... yes
Checking for C function vasprintf()... yes
Checking for C header file arpa/inet.h... yes
Checking for C header file fcntl.h... yes
Checking for C header file ifaddrs.h... yes
Checking for C header file inttypes.h... yes
Checking for C header file mach/mach_time.h... yes
Checking for C header file netdb.h... yes
Checking for C header file netinet/in6.h... no
Checking for C header file netinet/in.h... yes
Checking for C header file netinet/tcp.h... yes
Checking for C header file stdarg.h... yes
Checking for C header file stddef.h... yes
Checking for C header file stdint.h... yes
Checking for C header file stdlib.h... yes
Checking for C header file sys/eventfd.h... no
Checking for C header file sys/ioctl.h... yes
Checking for C header file sys/mman.h... yes
Checking for C header file sys/queue.h... yes
Checking for C header file sys/select.h... yes
Checking for C header file sys/sendfile.h... no
Checking for C header file sys/socket.h... yes
Checking for C header file sys/stat.h... yes
Checking for C header file sys/sysctl.h... yes
Checking for C header file sys/time.h... yes
Checking for C header file sys/timerfd.h... no
Checking for C header file sys/types.h... yes
Checking for C header file sys/uio.h... yes
Checking for C header file unistd.h... yes
Checking for C header file sys/timerfd.h...no
Checking size of short ... 2
Checking size of int ... 4
Checking size of long ... 8
Checking size of long long ... 8
Checking size of void * ... 8
Checking size of size_t ... 8
Checking size of off_t ... 8
Checking size of pthread_t ... 8
Checking for decl CTL_KERN... no
Checking for decl KERN_ARND... no
Checking for decl KERN_RANDOM... no
Checking for decl RANDOM_UUID... no
Checking for decl F_SETFD... yes
Checking for decl TAILQ_FOREACH... yes
Checking for decl timeradd... yes
Checking for decl timerclear... yes
Checking for decl timerisset... yes
Checking for struct addrinfo... yes
Checking for struct in6_addr... yes
Checking for struct sockaddr_in6... yes
Checking for struct sockaddr_storage... yes
Checking for sin6_len in struct sockaddr_in6... yes
Checking for ss_family in struct sockaddr_storage... yes
Checking for __ss_family in struct sockaddr_storage... no
Checking for type uint32_t... yes
Checking for type uint64_t... yes
Checking for type uint8_t... yes
Checking for type uintptr_t... yes
Checking for type sa_family_t... yes
Checking for type fd_mask... no
Checking for 3 arg gethostbyname_r()... no
Checking for 5 arg gethostbyname_r()... no
Checking for 6 arg gethostbyname_r()... no
Checking for C library ssl... yes
Checking for C library crypto... yes
Checking for C header file openssl/ssl.h... yes
Checking for C library pthread... yes
Checking for C header file pthread.h... yes
Checking for C library kern... no
scons: done reading SConscript files.
scons: Building targets ...
clang -o build/lz4/lz4.o -c -std=c99 -fsigned-char -g3 -Wall -fno-inline -fno-omit-frame-pointer -Og -fPIC -DDEBUG -D_REENTRANT -D__APPLE__ -DCBANG_DEBUG_LEVEL=1 -DUSING_CBANG -I/opt/homebrew/opt/openssl@3/include -Iinclude -Isrc -Isrc/boost build/lz4/lz4.c
clang -o build/lz4/lz4frame.o -c -std=c99 -fsigned-char -g3 -Wall -fno-inline -fno-omit-frame-pointer -Og -fPIC -DDEBUG -D_REENTRANT -D__APPLE__ -DCBANG_DEBUG_LEVEL=1 -DUSING_CBANG -I/opt/homebrew/opt/openssl@3/include -Iinclude -Isrc -Isrc/boost build/lz4/lz4frame.c
clang -o build/lz4/lz4hc.o -c -std=c99 -fsigned-char -g3 -Wall -fno-inline -fno-omit-frame-pointer -Og -fPIC -DDEBUG -D_REENTRANT -D__APPLE__ -DCBANG_DEBUG_LEVEL=1 -DUSING_CBANG -I/opt/homebrew/opt/openssl@3/include -Iinclude -Isrc -Isrc/boost build/lz4/lz4hc.c
clang -o build/lz4/xxhash.o -c -std=c99 -fsigned-char -g3 -Wall -fno-inline -fno-omit-frame-pointer -Og -fPIC -DDEBUG -D_REENTRANT -D__APPLE__ -DCBANG_DEBUG_LEVEL=1 -DUSING_CBANG -I/opt/homebrew/opt/openssl@3/include -Iinclude -Isrc -Isrc/boost build/lz4/xxhash.c
clang++ -o build/boost/libs/iostreams/src/bzip2.o -c -faligned-new -std=c++17 -fsigned-char -g3 -fno-inline -fno-omit-frame-pointer -Og -fPIC -DDEBUG -D_REENTRANT -D__APPLE__ -DCBANG_DEBUG_LEVEL=1 -DUSING_CBANG -I/opt/homebrew/opt/openssl@3/include -Iinclude -Isrc -Isrc/boost build/boost/libs/iostreams/src/bzip2.cpp
clang++ -o build/boost/libs/iostreams/src/file_descriptor.o -c -faligned-new -std=c++17 -fsigned-char -g3 -fno-inline -fno-omit-frame-pointer -Og -fPIC -DDEBUG -D_REENTRANT -D__APPLE__ -DCBANG_DEBUG_LEVEL=1 -DUSING_CBANG -I/opt/homebrew/opt/openssl@3/include -Iinclude -Isrc -Isrc/boost build/boost/libs/iostreams/src/file_descriptor.cpp
clang++ -o build/boost/libs/iostreams/src/gzip.o -c -faligned-new -std=c++17 -fsigned-char -g3 -fno-inline -fno-omit-frame-pointer -Og -fPIC -DDEBUG -D_REENTRANT -D__APPLE__ -DCBANG_DEBUG_LEVEL=1 -DUSING_CBANG -I/opt/homebrew/opt/openssl@3/include -Iinclude -Isrc -Isrc/boost build/boost/libs/iostreams/src/gzip.cpp
clang++ -o build/boost/libs/iostreams/src/mapped_file.o -c -faligned-new -std=c++17 -fsigned-char -g3 -fno-inline -fno-omit-frame-pointer -Og -fPIC -DDEBUG -D_REENTRANT -D__APPLE__ -DCBANG_DEBUG_LEVEL=1 -DUSING_CBANG -I/opt/homebrew/opt/openssl@3/include -Iinclude -Isrc -Isrc/boost build/boost/libs/iostreams/src/mapped_file.cpp
clang++ -o build/boost/libs/iostreams/src/zlib.o -c -faligned-new -std=c++17 -fsigned-char -g3 -fno-inline -fno-omit-frame-pointer -Og -fPIC -DDEBUG -D_REENTRANT -D__APPLE__ -DCBANG_DEBUG_LEVEL=1 -DUSING_CBANG -I/opt/homebrew/opt/openssl@3/include -Iinclude -Isrc -Isrc/boost build/boost/libs/iostreams/src/zlib.cpp
clang++ -o build/boost/libs/filesystem/src/codecvt_error_category.o -c -faligned-new -std=c++17 -fsigned-char -g3 -fno-inline -fno-omit-frame-pointer -Og -fPIC -DDEBUG -D_REENTRANT -D__APPLE__ -DCBANG_DEBUG_LEVEL=1 -DUSING_CBANG -I/opt/homebrew/opt/openssl@3/include -Iinclude -Isrc -Isrc/boost build/boost/libs/filesystem/src/codecvt_error_category.cpp
clang++ -o build/boost/libs/filesystem/src/directory.o -c -faligned-new -std=c++17 -fsigned-char -g3 -fno-inline -fno-omit-frame-pointer -Og -fPIC -DDEBUG -D_REENTRANT -D__APPLE__ -DCBANG_DEBUG_LEVEL=1 -DUSING_CBANG -I/opt/homebrew/opt/openssl@3/include -Iinclude -Isrc -Isrc/boost build/boost/libs/filesystem/src/directory.cpp
clang++ -o build/boost/libs/filesystem/src/exception.o -c -faligned-new -std=c++17 -fsigned-char -g3 -fno-inline -fno-omit-frame-pointer -Og -fPIC -DDEBUG -D_REENTRANT -D__APPLE__ -DCBANG_DEBUG_LEVEL=1 -DUSING_CBANG -I/opt/homebrew/opt/openssl@3/include -Iinclude -Isrc -Isrc/boost build/boost/libs/filesystem/src/exception.cpp
clang++ -o build/boost/libs/filesystem/src/operations.o -c -faligned-new -std=c++17 -fsigned-char -g3 -fno-inline -fno-omit-frame-pointer -Og -fPIC -DDEBUG -D_REENTRANT -D__APPLE__ -DCBANG_DEBUG_LEVEL=1 -DUSING_CBANG -I/opt/homebrew/opt/openssl@3/include -Iinclude -Isrc -Isrc/boost build/boost/libs/filesystem/src/operations.cpp
scons: `lib/liblz4.a' is up to date.
clang++ -o build/boost/libs/filesystem/src/path.o -c -faligned-new -std=c++17 -fsigned-char -g3 -fno-inline -fno-omit-frame-pointer -Og -fPIC -DDEBUG -D_REENTRANT -D__APPLE__ -DCBANG_DEBUG_LEVEL=1 -DUSING_CBANG -I/opt/homebrew/opt/openssl@3/include -Iinclude -Isrc -Isrc/boost build/boost/libs/filesystem/src/path.cpp
clang++ -o build/boost/libs/filesystem/src/path_traits.o -c -faligned-new -std=c++17 -fsigned-char -g3 -fno-inline -fno-omit-frame-pointer -Og -fPIC -DDEBUG -D_REENTRANT -D__APPLE__ -DCBANG_DEBUG_LEVEL=1 -DUSING_CBANG -I/opt/homebrew/opt/openssl@3/include -Iinclude -Isrc -Isrc/boost build/boost/libs/filesystem/src/path_traits.cpp
clang++ -o build/boost/libs/filesystem/src/portability.o -c -faligned-new -std=c++17 -fsigned-char -g3 -fno-inline -fno-omit-frame-pointer -Og -fPIC -DDEBUG -D_REENTRANT -D__APPLE__ -DCBANG_DEBUG_LEVEL=1 -DUSING_CBANG -I/opt/homebrew/opt/openssl@3/include -Iinclude -Isrc -Isrc/boost build/boost/libs/filesystem/src/portability.cpp
build/boost/libs/filesystem/src/directory.cpp:246:14: warning: 'readdir_r' is deprecated: This function cannot be used safely as it does not take into account the variability of {NAME_MAX}.  It is highly recommended that you use readdir(3) instead. [-Wdeprecated-declarations]
  246 |     return ::readdir_r
      |              ^
/Library/Developer/CommandLineTools/SDKs/MacOSX.sdk/usr/include/dirent.h:114:1: note: 'readdir_r' has been explicitly marked deprecated here
  114 | __deprecated_msg("This function cannot be used safely as it does not take into account the variability of {NAME_MAX}.  It is highly recommended that you use readdir(3) instead.")
      | ^
/Library/Developer/CommandLineTools/SDKs/MacOSX.sdk/usr/include/sys/cdefs.h:227:48: note: expanded from macro '__deprecated_msg'
  227 |         #define __deprecated_msg(_msg) __attribute__((__deprecated__(_msg)))
      |                                                       ^
clang++ -o build/boost/libs/filesystem/src/unique_path.o -c -faligned-new -std=c++17 -fsigned-char -g3 -fno-inline -fno-omit-frame-pointer -Og -fPIC -DDEBUG -D_REENTRANT -D__APPLE__ -DCBANG_DEBUG_LEVEL=1 -DUSING_CBANG -I/opt/homebrew/opt/openssl@3/include -Iinclude -Isrc -Isrc/boost build/boost/libs/filesystem/src/unique_path.cpp
1 warning generated.
clang++ -o build/boost/libs/filesystem/src/utf8_codecvt_facet.o -c -faligned-new -std=c++17 -fsigned-char -g3 -fno-inline -fno-omit-frame-pointer -Og -fPIC -DDEBUG -D_REENTRANT -D__APPLE__ -DCBANG_DEBUG_LEVEL=1 -DUSING_CBANG -I/opt/homebrew/opt/openssl@3/include -Iinclude -Isrc -Isrc/boost build/boost/libs/filesystem/src/utf8_codecvt_facet.cpp
clang++ -o build/boost/libs/filesystem/src/windows_file_codecvt.o -c -faligned-new -std=c++17 -fsigned-char -g3 -fno-inline -fno-omit-frame-pointer -Og -fPIC -DDEBUG -D_REENTRANT -D__APPLE__ -DCBANG_DEBUG_LEVEL=1 -DUSING_CBANG -I/opt/homebrew/opt/openssl@3/include -Iinclude -Isrc -Isrc/boost build/boost/libs/filesystem/src/windows_file_codecvt.cpp
build_function(["include/event2/event-config.h"], [])
clang++ -o build/re2/src/re2/bitstate.o -c -faligned-new -std=c++17 -fsigned-char -Wno-parentheses -g3 -Wall -fno-inline -fno-omit-frame-pointer -Og -fPIC -DDEBUG -D_REENTRANT -D__APPLE__ -DCBANG_DEBUG_LEVEL=1 -DUSING_CBANG -DNO_THREADS -I/opt/homebrew/opt/openssl@3/include -Iinclude -Isrc -Isrc/boost -Isrc/re2/src build/re2/src/re2/bitstate.cc
clang -o build/libevent/src/bufferevent_sock.o -c -std=c99 -fsigned-char -g3 -Wall -fno-inline -fno-omit-frame-pointer -Og -fPIC -Wno-parentheses-equality -Wno-unused-function -DDEBUG -D_REENTRANT -D__APPLE__ -DCBANG_DEBUG_LEVEL=1 -DUSING_CBANG -I/opt/homebrew/opt/openssl@3/include -Iinclude -Isrc -Isrc/boost -Ibuild/libevent/include -Isrc/libevent/include build/libevent/src/bufferevent_sock.c
clang -o build/libevent/src/event.o -c -std=c99 -fsigned-char -g3 -Wall -fno-inline -fno-omit-frame-pointer -Og -fPIC -Wno-parentheses-equality -Wno-unused-function -DDEBUG -D_REENTRANT -D__APPLE__ -DCBANG_DEBUG_LEVEL=1 -DUSING_CBANG -I/opt/homebrew/opt/openssl@3/include -Iinclude -Isrc -Isrc/boost -Ibuild/libevent/include -Isrc/libevent/include build/libevent/src/event.c
clang -o build/libevent/src/evthread_pthread.o -c -std=c99 -fsigned-char -g3 -Wall -fno-inline -fno-omit-frame-pointer -Og -fPIC -Wno-parentheses-equality -Wno-unused-function -DDEBUG -D_REENTRANT -D__APPLE__ -DCBANG_DEBUG_LEVEL=1 -DUSING_CBANG -I/opt/homebrew/opt/openssl@3/include -Iinclude -Isrc -Isrc/boost -Ibuild/libevent/include -Isrc/libevent/include build/libevent/src/evthread_pthread.c
clang -o build/libevent/src/evutil_time.o -c -std=c99 -fsigned-char -g3 -Wall -fno-inline -fno-omit-frame-pointer -Og -fPIC -Wno-parentheses-equality -Wno-unused-function -DDEBUG -D_REENTRANT -D__APPLE__ -DCBANG_DEBUG_LEVEL=1 -DUSING_CBANG -I/opt/homebrew/opt/openssl@3/include -Iinclude -Isrc -Isrc/boost -Ibuild/libevent/include -Isrc/libevent/include build/libevent/src/evutil_time.c
clang -o build/libevent/src/poll.o -c -std=c99 -fsigned-char -g3 -Wall -fno-inline -fno-omit-frame-pointer -Og -fPIC -Wno-parentheses-equality -Wno-unused-function -DDEBUG -D_REENTRANT -D__APPLE__ -DCBANG_DEBUG_LEVEL=1 -DUSING_CBANG -I/opt/homebrew/opt/openssl@3/include -Iinclude -Isrc -Isrc/boost -Ibuild/libevent/include -Isrc/libevent/include build/libevent/src/poll.c
clang -o build/libevent/src/strlcpy.o -c -std=c99 -fsigned-char -g3 -Wall -fno-inline -fno-omit-frame-pointer -Og -fPIC -Wno-parentheses-equality -Wno-unused-function -DDEBUG -D_REENTRANT -D__APPLE__ -DCBANG_DEBUG_LEVEL=1 -DUSING_CBANG -I/opt/homebrew/opt/openssl@3/include -Iinclude -Isrc -Isrc/boost -Ibuild/libevent/include -Isrc/libevent/include build/libevent/src/strlcpy.c
clang -o build/libevent/src/bufferevent_ratelim.o -c -std=c99 -fsigned-char -g3 -Wall -fno-inline -fno-omit-frame-pointer -Og -fPIC -Wno-parentheses-equality -Wno-unused-function -DDEBUG -D_REENTRANT -D__APPLE__ -DCBANG_DEBUG_LEVEL=1 -DUSING_CBANG -I/opt/homebrew/opt/openssl@3/include -Iinclude -Isrc -Isrc/boost -Ibuild/libevent/include -Isrc/libevent/include build/libevent/src/bufferevent_ratelim.c
scons: `lib/libcbang-boost.a' is up to date.
clang -o build/libevent/src/epoll_sub.o -c -std=c99 -fsigned-char -g3 -Wall -fno-inline -fno-omit-frame-pointer -Og -fPIC -Wno-parentheses-equality -Wno-unused-function -DDEBUG -D_REENTRANT -D__APPLE__ -DCBANG_DEBUG_LEVEL=1 -DUSING_CBANG -I/opt/homebrew/opt/openssl@3/include -Iinclude -Isrc -Isrc/boost -Ibuild/libevent/include -Isrc/libevent/include build/libevent/src/epoll_sub.c
clang -o build/libevent/src/evthread.o -c -std=c99 -fsigned-char -g3 -Wall -fno-inline -fno-omit-frame-pointer -Og -fPIC -Wno-parentheses-equality -Wno-unused-function -DDEBUG -D_REENTRANT -D__APPLE__ -DCBANG_DEBUG_LEVEL=1 -DUSING_CBANG -I/opt/homebrew/opt/openssl@3/include -Iinclude -Isrc -Isrc/boost -Ibuild/libevent/include -Isrc/libevent/include build/libevent/src/evthread.c
clang -o build/libevent/src/bufferevent.o -c -std=c99 -fsigned-char -g3 -Wall -fno-inline -fno-omit-frame-pointer -Og -fPIC -Wno-parentheses-equality -Wno-unused-function -DDEBUG -D_REENTRANT -D__APPLE__ -DCBANG_DEBUG_LEVEL=1 -DUSING_CBANG -I/opt/homebrew/opt/openssl@3/include -Iinclude -Isrc -Isrc/boost -Ibuild/libevent/include -Isrc/libevent/include build/libevent/src/bufferevent.c
clang -o build/libevent/src/evutil_rand.o -c -std=c99 -fsigned-char -g3 -Wall -fno-inline -fno-omit-frame-pointer -Og -fPIC -Wno-parentheses-equality -Wno-unused-function -DDEBUG -D_REENTRANT -D__APPLE__ -DCBANG_DEBUG_LEVEL=1 -DUSING_CBANG -I/opt/homebrew/opt/openssl@3/include -Iinclude -Isrc -Isrc/boost -Ibuild/libevent/include -Isrc/libevent/include build/libevent/src/evutil_rand.c
clang -o build/libevent/src/log.o -c -std=c99 -fsigned-char -g3 -Wall -fno-inline -fno-omit-frame-pointer -Og -fPIC -Wno-parentheses-equality -Wno-unused-function -DDEBUG -D_REENTRANT -D__APPLE__ -DCBANG_DEBUG_LEVEL=1 -DUSING_CBANG -I/opt/homebrew/opt/openssl@3/include -Iinclude -Isrc -Isrc/boost -Ibuild/libevent/include -Isrc/libevent/include build/libevent/src/log.c
clang -o build/libevent/src/signal.o -c -std=c99 -fsigned-char -g3 -Wall -fno-inline -fno-omit-frame-pointer -Og -fPIC -Wno-parentheses-equality -Wno-unused-function -DDEBUG -D_REENTRANT -D__APPLE__ -DCBANG_DEBUG_LEVEL=1 -DUSING_CBANG -I/opt/homebrew/opt/openssl@3/include -Iinclude -Isrc -Isrc/boost -Ibuild/libevent/include -Isrc/libevent/include build/libevent/src/signal.c
clang -o build/libevent/src/bufferevent_pair.o -c -std=c99 -fsigned-char -g3 -Wall -fno-inline -fno-omit-frame-pointer -Og -fPIC -Wno-parentheses-equality -Wno-unused-function -DDEBUG -D_REENTRANT -D__APPLE__ -DCBANG_DEBUG_LEVEL=1 -DUSING_CBANG -I/opt/homebrew/opt/openssl@3/include -Iinclude -Isrc -Isrc/boost -Ibuild/libevent/include -Isrc/libevent/include build/libevent/src/bufferevent_pair.c
clang -o build/libevent/src/epoll.o -c -std=c99 -fsigned-char -g3 -Wall -fno-inline -fno-omit-frame-pointer -Og -fPIC -Wno-parentheses-equality -Wno-unused-function -DDEBUG -D_REENTRANT -D__APPLE__ -DCBANG_DEBUG_LEVEL=1 -DUSING_CBANG -I/opt/homebrew/opt/openssl@3/include -Iinclude -Isrc -Isrc/boost -Ibuild/libevent/include -Isrc/libevent/include build/libevent/src/epoll.c
clang -o build/libevent/src/buffer.o -c -std=c99 -fsigned-char -g3 -Wall -fno-inline -fno-omit-frame-pointer -Og -fPIC -Wno-parentheses-equality -Wno-unused-function -DDEBUG -D_REENTRANT -D__APPLE__ -DCBANG_DEBUG_LEVEL=1 -DUSING_CBANG -I/opt/homebrew/opt/openssl@3/include -Iinclude -Isrc -Isrc/boost -Ibuild/libevent/include -Isrc/libevent/include build/libevent/src/buffer.c
clang -o build/libevent/src/evmap.o -c -std=c99 -fsigned-char -g3 -Wall -fno-inline -fno-omit-frame-pointer -Og -fPIC -Wno-parentheses-equality -Wno-unused-function -DDEBUG -D_REENTRANT -D__APPLE__ -DCBANG_DEBUG_LEVEL=1 -DUSING_CBANG -I/opt/homebrew/opt/openssl@3/include -Iinclude -Isrc -Isrc/boost -Ibuild/libevent/include -Isrc/libevent/include build/libevent/src/evmap.c
clang -o build/libevent/src/evutil.o -c -std=c99 -fsigned-char -g3 -Wall -fno-inline -fno-omit-frame-pointer -Og -fPIC -Wno-parentheses-equality -Wno-unused-function -DDEBUG -D_REENTRANT -D__APPLE__ -DCBANG_DEBUG_LEVEL=1 -DUSING_CBANG -I/opt/homebrew/opt/openssl@3/include -Iinclude -Isrc -Isrc/boost -Ibuild/libevent/include -Isrc/libevent/include build/libevent/src/evutil.c
clang -o build/libevent/src/kqueue.o -c -std=c99 -fsigned-char -g3 -Wall -fno-inline -fno-omit-frame-pointer -Og -fPIC -Wno-parentheses-equality -Wno-unused-function -DDEBUG -D_REENTRANT -D__APPLE__ -DCBANG_DEBUG_LEVEL=1 -DUSING_CBANG -I/opt/homebrew/opt/openssl@3/include -Iinclude -Isrc -Isrc/boost -Ibuild/libevent/include -Isrc/libevent/include build/libevent/src/kqueue.c
clang -o build/libevent/src/select.o -c -std=c99 -fsigned-char -g3 -Wall -fno-inline -fno-omit-frame-pointer -Og -fPIC -Wno-parentheses-equality -Wno-unused-function -DDEBUG -D_REENTRANT -D__APPLE__ -DCBANG_DEBUG_LEVEL=1 -DUSING_CBANG -I/opt/homebrew/opt/openssl@3/include -Iinclude -Isrc -Isrc/boost -Ibuild/libevent/include -Isrc/libevent/include build/libevent/src/select.c
clang -o build/libevent/src/bufferevent_filter.o -c -std=c99 -fsigned-char -g3 -Wall -fno-inline -fno-omit-frame-pointer -Og -fPIC -Wno-parentheses-equality -Wno-unused-function -DDEBUG -D_REENTRANT -D__APPLE__ -DCBANG_DEBUG_LEVEL=1 -DUSING_CBANG -I/opt/homebrew/opt/openssl@3/include -Iinclude -Isrc -Isrc/boost -Ibuild/libevent/include -Isrc/libevent/include build/libevent/src/bufferevent_filter.c
clang++ -o build/re2/src/re2/compile.o -c -faligned-new -std=c++17 -fsigned-char -Wno-parentheses -g3 -Wall -fno-inline -fno-omit-frame-pointer -Og -fPIC -DDEBUG -D_REENTRANT -D__APPLE__ -DCBANG_DEBUG_LEVEL=1 -DUSING_CBANG -DNO_THREADS -I/opt/homebrew/opt/openssl@3/include -Iinclude -Isrc -Isrc/boost -Isrc/re2/src build/re2/src/re2/compile.cc
clang++ -o build/re2/src/re2/dfa.o -c -faligned-new -std=c++17 -fsigned-char -Wno-parentheses -g3 -Wall -fno-inline -fno-omit-frame-pointer -Og -fPIC -DDEBUG -D_REENTRANT -D__APPLE__ -DCBANG_DEBUG_LEVEL=1 -DUSING_CBANG -DNO_THREADS -I/opt/homebrew/opt/openssl@3/include -Iinclude -Isrc -Isrc/boost -Isrc/re2/src build/re2/src/re2/dfa.cc
clang++ -o build/re2/src/re2/filtered_re2.o -c -faligned-new -std=c++17 -fsigned-char -Wno-parentheses -g3 -Wall -fno-inline -fno-omit-frame-pointer -Og -fPIC -DDEBUG -D_REENTRANT -D__APPLE__ -DCBANG_DEBUG_LEVEL=1 -DUSING_CBANG -DNO_THREADS -I/opt/homebrew/opt/openssl@3/include -Iinclude -Isrc -Isrc/boost -Isrc/re2/src build/re2/src/re2/filtered_re2.cc
clang++ -o build/re2/src/re2/mimics_pcre.o -c -faligned-new -std=c++17 -fsigned-char -Wno-parentheses -g3 -Wall -fno-inline -fno-omit-frame-pointer -Og -fPIC -DDEBUG -D_REENTRANT -D__APPLE__ -DCBANG_DEBUG_LEVEL=1 -DUSING_CBANG -DNO_THREADS -I/opt/homebrew/opt/openssl@3/include -Iinclude -Isrc -Isrc/boost -Isrc/re2/src build/re2/src/re2/mimics_pcre.cc
clang++ -o build/re2/src/re2/nfa.o -c -faligned-new -std=c++17 -fsigned-char -Wno-parentheses -g3 -Wall -fno-inline -fno-omit-frame-pointer -Og -fPIC -DDEBUG -D_REENTRANT -D__APPLE__ -DCBANG_DEBUG_LEVEL=1 -DUSING_CBANG -DNO_THREADS -I/opt/homebrew/opt/openssl@3/include -Iinclude -Isrc -Isrc/boost -Isrc/re2/src build/re2/src/re2/nfa.cc
rm -f lib/libevent.a; ar rc lib/libevent.a build/libevent/src/buffer.o build/libevent/src/bufferevent.o build/libevent/src/bufferevent_filter.o build/libevent/src/bufferevent_pair.o build/libevent/src/bufferevent_ratelim.o build/libevent/src/bufferevent_sock.o build/libevent/src/epoll.o build/libevent/src/epoll_sub.o build/libevent/src/event.o build/libevent/src/evmap.o build/libevent/src/evthread.o build/libevent/src/evthread_pthread.o build/libevent/src/evutil.o build/libevent/src/evutil_rand.o build/libevent/src/evutil_time.o build/libevent/src/kqueue.o build/libevent/src/log.o build/libevent/src/poll.o build/libevent/src/select.o build/libevent/src/signal.o build/libevent/src/strlcpy.o
ranlib lib/libevent.a
clang++ -o build/re2/src/re2/onepass.o -c -faligned-new -std=c++17 -fsigned-char -Wno-parentheses -g3 -Wall -fno-inline -fno-omit-frame-pointer -Og -fPIC -DDEBUG -D_REENTRANT -D__APPLE__ -DCBANG_DEBUG_LEVEL=1 -DUSING_CBANG -DNO_THREADS -I/opt/homebrew/opt/openssl@3/include -Iinclude -Isrc -Isrc/boost -Isrc/re2/src build/re2/src/re2/onepass.cc
build/re2/src/re2/compile.cc:268:13: warning: first argument in call to 'memmove' is a pointer to non-trivially copyable type 'Prog::Inst' [-Wnontrivial-memcall]
  268 |     memmove(ip, inst_, inst_len_ * sizeof ip[0]);
      |             ^
build/re2/src/re2/compile.cc:268:13: note: explicitly cast the pointer to silence this warning
  268 |     memmove(ip, inst_, inst_len_ * sizeof ip[0]);
      |             ^
      |             (void*)
build/re2/src/re2/compile.cc:269:15: warning: first argument in call to 'memset' is a pointer to non-trivially copyable type 'Prog::Inst' [-Wnontrivial-memcall]
  269 |     memset(ip + inst_len_, 0, (inst_cap_ - inst_len_) * sizeof ip[0]);
      |               ^
build/re2/src/re2/compile.cc:269:15: note: explicitly cast the pointer to silence this warning
  269 |     memset(ip + inst_len_, 0, (inst_cap_ - inst_len_) * sizeof ip[0]);
      |               ^
      |            (void*)
build/re2/src/re2/compile.cc:281:13: warning: first argument in call to 'memmove' is a pointer to non-trivially copyable type 'Prog::Inst' [-Wnontrivial-memcall]
  281 |     memmove(ip, inst_, inst_len_ * sizeof ip[0]);
      |             ^
build/re2/src/re2/compile.cc:281:13: note: explicitly cast the pointer to silence this warning
  281 |     memmove(ip, inst_, inst_len_ * sizeof ip[0]);
      |             ^
      |             (void*)
clang++ -o build/re2/src/re2/parse.o -c -faligned-new -std=c++17 -fsigned-char -Wno-parentheses -g3 -Wall -fno-inline -fno-omit-frame-pointer -Og -fPIC -DDEBUG -D_REENTRANT -D__APPLE__ -DCBANG_DEBUG_LEVEL=1 -DUSING_CBANG -DNO_THREADS -I/opt/homebrew/opt/openssl@3/include -Iinclude -Isrc -Isrc/boost -Isrc/re2/src build/re2/src/re2/parse.cc
clang++ -o build/re2/src/re2/perl_groups.o -c -faligned-new -std=c++17 -fsigned-char -Wno-parentheses -g3 -Wall -fno-inline -fno-omit-frame-pointer -Og -fPIC -DDEBUG -D_REENTRANT -D__APPLE__ -DCBANG_DEBUG_LEVEL=1 -DUSING_CBANG -DNO_THREADS -I/opt/homebrew/opt/openssl@3/include -Iinclude -Isrc -Isrc/boost -Isrc/re2/src build/re2/src/re2/perl_groups.cc
3 warnings generated.
clang++ -o build/re2/src/re2/prefilter.o -c -faligned-new -std=c++17 -fsigned-char -Wno-parentheses -g3 -Wall -fno-inline -fno-omit-frame-pointer -Og -fPIC -DDEBUG -D_REENTRANT -D__APPLE__ -DCBANG_DEBUG_LEVEL=1 -DUSING_CBANG -DNO_THREADS -I/opt/homebrew/opt/openssl@3/include -Iinclude -Isrc -Isrc/boost -Isrc/re2/src build/re2/src/re2/prefilter.cc
clang++ -o build/re2/src/re2/prefilter_tree.o -c -faligned-new -std=c++17 -fsigned-char -Wno-parentheses -g3 -Wall -fno-inline -fno-omit-frame-pointer -Og -fPIC -DDEBUG -D_REENTRANT -D__APPLE__ -DCBANG_DEBUG_LEVEL=1 -DUSING_CBANG -DNO_THREADS -I/opt/homebrew/opt/openssl@3/include -Iinclude -Isrc -Isrc/boost -Isrc/re2/src build/re2/src/re2/prefilter_tree.cc
clang++ -o build/re2/src/re2/prog.o -c -faligned-new -std=c++17 -fsigned-char -Wno-parentheses -g3 -Wall -fno-inline -fno-omit-frame-pointer -Og -fPIC -DDEBUG -D_REENTRANT -D__APPLE__ -DCBANG_DEBUG_LEVEL=1 -DUSING_CBANG -DNO_THREADS -I/opt/homebrew/opt/openssl@3/include -Iinclude -Isrc -Isrc/boost -Isrc/re2/src build/re2/src/re2/prog.cc
clang++ -o build/re2/src/re2/re2.o -c -faligned-new -std=c++17 -fsigned-char -Wno-parentheses -g3 -Wall -fno-inline -fno-omit-frame-pointer -Og -fPIC -DDEBUG -D_REENTRANT -D__APPLE__ -DCBANG_DEBUG_LEVEL=1 -DUSING_CBANG -DNO_THREADS -I/opt/homebrew/opt/openssl@3/include -Iinclude -Isrc -Isrc/boost -Isrc/re2/src build/re2/src/re2/re2.cc
clang++ -o build/re2/src/re2/regexp.o -c -faligned-new -std=c++17 -fsigned-char -Wno-parentheses -g3 -Wall -fno-inline -fno-omit-frame-pointer -Og -fPIC -DDEBUG -D_REENTRANT -D__APPLE__ -DCBANG_DEBUG_LEVEL=1 -DUSING_CBANG -DNO_THREADS -I/opt/homebrew/opt/openssl@3/include -Iinclude -Isrc -Isrc/boost -Isrc/re2/src build/re2/src/re2/regexp.cc
clang++ -o build/re2/src/re2/set.o -c -faligned-new -std=c++17 -fsigned-char -Wno-parentheses -g3 -Wall -fno-inline -fno-omit-frame-pointer -Og -fPIC -DDEBUG -D_REENTRANT -D__APPLE__ -DCBANG_DEBUG_LEVEL=1 -DUSING_CBANG -DNO_THREADS -I/opt/homebrew/opt/openssl@3/include -Iinclude -Isrc -Isrc/boost -Isrc/re2/src build/re2/src/re2/set.cc
clang++ -o build/re2/src/re2/simplify.o -c -faligned-new -std=c++17 -fsigned-char -Wno-parentheses -g3 -Wall -fno-inline -fno-omit-frame-pointer -Og -fPIC -DDEBUG -D_REENTRANT -D__APPLE__ -DCBANG_DEBUG_LEVEL=1 -DUSING_CBANG -DNO_THREADS -I/opt/homebrew/opt/openssl@3/include -Iinclude -Isrc -Isrc/boost -Isrc/re2/src build/re2/src/re2/simplify.cc
clang++ -o build/re2/src/re2/stringpiece.o -c -faligned-new -std=c++17 -fsigned-char -Wno-parentheses -g3 -Wall -fno-inline -fno-omit-frame-pointer -Og -fPIC -DDEBUG -D_REENTRANT -D__APPLE__ -DCBANG_DEBUG_LEVEL=1 -DUSING_CBANG -DNO_THREADS -I/opt/homebrew/opt/openssl@3/include -Iinclude -Isrc -Isrc/boost -Isrc/re2/src build/re2/src/re2/stringpiece.cc
build/re2/src/re2/regexp.cc:319:11: warning: first argument in call to 'memmove' is a pointer to non-trivially copyable type 're2::Regexp' [-Wnontrivial-memcall]
  319 |   memmove(this, that, sizeof tmp);
      |           ^
build/re2/src/re2/regexp.cc:319:11: note: explicitly cast the pointer to silence this warning
  319 |   memmove(this, that, sizeof tmp);
      |           ^
      |           (void*)
build/re2/src/re2/regexp.cc:320:11: warning: first argument in call to 'memmove' is a pointer to non-trivially copyable type 'Regexp' [-Wnontrivial-memcall]
  320 |   memmove(that, tmp, sizeof tmp);
      |           ^
build/re2/src/re2/regexp.cc:320:11: note: explicitly cast the pointer to silence this warning
  320 |   memmove(that, tmp, sizeof tmp);
      |           ^
      |           (void*)
clang++ -o build/re2/src/re2/tostring.o -c -faligned-new -std=c++17 -fsigned-char -Wno-parentheses -g3 -Wall -fno-inline -fno-omit-frame-pointer -Og -fPIC -DDEBUG -D_REENTRANT -D__APPLE__ -DCBANG_DEBUG_LEVEL=1 -DUSING_CBANG -DNO_THREADS -I/opt/homebrew/opt/openssl@3/include -Iinclude -Isrc -Isrc/boost -Isrc/re2/src build/re2/src/re2/tostring.cc
clang++ -o build/re2/src/re2/unicode_casefold.o -c -faligned-new -std=c++17 -fsigned-char -Wno-parentheses -g3 -Wall -fno-inline -fno-omit-frame-pointer -Og -fPIC -DDEBUG -D_REENTRANT -D__APPLE__ -DCBANG_DEBUG_LEVEL=1 -DUSING_CBANG -DNO_THREADS -I/opt/homebrew/opt/openssl@3/include -Iinclude -Isrc -Isrc/boost -Isrc/re2/src build/re2/src/re2/unicode_casefold.cc
clang++ -o build/re2/src/re2/unicode_groups.o -c -faligned-new -std=c++17 -fsigned-char -Wno-parentheses -g3 -Wall -fno-inline -fno-omit-frame-pointer -Og -fPIC -DDEBUG -D_REENTRANT -D__APPLE__ -DCBANG_DEBUG_LEVEL=1 -DUSING_CBANG -DNO_THREADS -I/opt/homebrew/opt/openssl@3/include -Iinclude -Isrc -Isrc/boost -Isrc/re2/src build/re2/src/re2/unicode_groups.cc
clang++ -o build/re2/src/util/hash.o -c -faligned-new -std=c++17 -fsigned-char -Wno-parentheses -g3 -Wall -fno-inline -fno-omit-frame-pointer -Og -fPIC -DDEBUG -D_REENTRANT -D__APPLE__ -DCBANG_DEBUG_LEVEL=1 -DUSING_CBANG -DNO_THREADS -I/opt/homebrew/opt/openssl@3/include -Iinclude -Isrc -Isrc/boost -Isrc/re2/src build/re2/src/util/hash.cc
clang++ -o build/re2/src/util/rune.o -c -faligned-new -std=c++17 -fsigned-char -Wno-parentheses -g3 -Wall -fno-inline -fno-omit-frame-pointer -Og -fPIC -DDEBUG -D_REENTRANT -D__APPLE__ -DCBANG_DEBUG_LEVEL=1 -DUSING_CBANG -DNO_THREADS -I/opt/homebrew/opt/openssl@3/include -Iinclude -Isrc -Isrc/boost -Isrc/re2/src build/re2/src/util/rune.cc
2 warnings generated.
clang++ -o build/re2/src/util/stringprintf.o -c -faligned-new -std=c++17 -fsigned-char -Wno-parentheses -g3 -Wall -fno-inline -fno-omit-frame-pointer -Og -fPIC -DDEBUG -D_REENTRANT -D__APPLE__ -DCBANG_DEBUG_LEVEL=1 -DUSING_CBANG -DNO_THREADS -I/opt/homebrew/opt/openssl@3/include -Iinclude -Isrc -Isrc/boost -Isrc/re2/src build/re2/src/util/stringprintf.cc
clang++ -o build/re2/src/util/strutil.o -c -faligned-new -std=c++17 -fsigned-char -Wno-parentheses -g3 -Wall -fno-inline -fno-omit-frame-pointer -Og -fPIC -DDEBUG -D_REENTRANT -D__APPLE__ -DCBANG_DEBUG_LEVEL=1 -DUSING_CBANG -DNO_THREADS -I/opt/homebrew/opt/openssl@3/include -Iinclude -Isrc -Isrc/boost -Isrc/re2/src build/re2/src/util/strutil.cc
clang++ -o build/re2/src/util/valgrind.o -c -faligned-new -std=c++17 -fsigned-char -Wno-parentheses -g3 -Wall -fno-inline -fno-omit-frame-pointer -Og -fPIC -DDEBUG -D_REENTRANT -D__APPLE__ -DCBANG_DEBUG_LEVEL=1 -DUSING_CBANG -DNO_THREADS -I/opt/homebrew/opt/openssl@3/include -Iinclude -Isrc -Isrc/boost -Isrc/re2/src build/re2/src/util/valgrind.cc
clang -o build/libyaml/src/api.o -c -std=c99 -fsigned-char -Wno-unused-value -Wno-int-to-pointer-cast -Wno-implicit-function-declaration -g3 -Wall -fno-inline -fno-omit-frame-pointer -Og -fPIC -DDEBUG -D_REENTRANT -D__APPLE__ -DCBANG_DEBUG_LEVEL=1 -DUSING_CBANG -DHAVE_CONFIG_H -D_POSIX_C_SOURCE=200809L -I/opt/homebrew/opt/openssl@3/include -Iinclude -Isrc -Isrc/boost -Isrc/libyaml/src build/libyaml/src/api.c
clang -o build/libyaml/src/dumper.o -c -std=c99 -fsigned-char -Wno-unused-value -Wno-int-to-pointer-cast -Wno-implicit-function-declaration -g3 -Wall -fno-inline -fno-omit-frame-pointer -Og -fPIC -DDEBUG -D_REENTRANT -D__APPLE__ -DCBANG_DEBUG_LEVEL=1 -DUSING_CBANG -DHAVE_CONFIG_H -D_POSIX_C_SOURCE=200809L -I/opt/homebrew/opt/openssl@3/include -Iinclude -Isrc -Isrc/boost -Isrc/libyaml/src build/libyaml/src/dumper.c
clang -o build/libyaml/src/emitter.o -c -std=c99 -fsigned-char -Wno-unused-value -Wno-int-to-pointer-cast -Wno-implicit-function-declaration -g3 -Wall -fno-inline -fno-omit-frame-pointer -Og -fPIC -DDEBUG -D_REENTRANT -D__APPLE__ -DCBANG_DEBUG_LEVEL=1 -DUSING_CBANG -DHAVE_CONFIG_H -D_POSIX_C_SOURCE=200809L -I/opt/homebrew/opt/openssl@3/include -Iinclude -Isrc -Isrc/boost -Isrc/libyaml/src build/libyaml/src/emitter.c
clang -o build/libyaml/src/loader.o -c -std=c99 -fsigned-char -Wno-unused-value -Wno-int-to-pointer-cast -Wno-implicit-function-declaration -g3 -Wall -fno-inline -fno-omit-frame-pointer -Og -fPIC -DDEBUG -D_REENTRANT -D__APPLE__ -DCBANG_DEBUG_LEVEL=1 -DUSING_CBANG -DHAVE_CONFIG_H -D_POSIX_C_SOURCE=200809L -I/opt/homebrew/opt/openssl@3/include -Iinclude -Isrc -Isrc/boost -Isrc/libyaml/src build/libyaml/src/loader.c
clang -o build/libyaml/src/parser.o -c -std=c99 -fsigned-char -Wno-unused-value -Wno-int-to-pointer-cast -Wno-implicit-function-declaration -g3 -Wall -fno-inline -fno-omit-frame-pointer -Og -fPIC -DDEBUG -D_REENTRANT -D__APPLE__ -DCBANG_DEBUG_LEVEL=1 -DUSING_CBANG -DHAVE_CONFIG_H -D_POSIX_C_SOURCE=200809L -I/opt/homebrew/opt/openssl@3/include -Iinclude -Isrc -Isrc/boost -Isrc/libyaml/src build/libyaml/src/parser.c
clang -o build/libyaml/src/reader.o -c -std=c99 -fsigned-char -Wno-unused-value -Wno-int-to-pointer-cast -Wno-implicit-function-declaration -g3 -Wall -fno-inline -fno-omit-frame-pointer -Og -fPIC -DDEBUG -D_REENTRANT -D__APPLE__ -DCBANG_DEBUG_LEVEL=1 -DUSING_CBANG -DHAVE_CONFIG_H -D_POSIX_C_SOURCE=200809L -I/opt/homebrew/opt/openssl@3/include -Iinclude -Isrc -Isrc/boost -Isrc/libyaml/src build/libyaml/src/reader.c
clang -o build/libyaml/src/scanner.o -c -std=c99 -fsigned-char -Wno-unused-value -Wno-int-to-pointer-cast -Wno-implicit-function-declaration -g3 -Wall -fno-inline -fno-omit-frame-pointer -Og -fPIC -DDEBUG -D_REENTRANT -D__APPLE__ -DCBANG_DEBUG_LEVEL=1 -DUSING_CBANG -DHAVE_CONFIG_H -D_POSIX_C_SOURCE=200809L -I/opt/homebrew/opt/openssl@3/include -Iinclude -Isrc -Isrc/boost -Isrc/libyaml/src build/libyaml/src/scanner.c
clang -o build/libyaml/src/writer.o -c -std=c99 -fsigned-char -Wno-unused-value -Wno-int-to-pointer-cast -Wno-implicit-function-declaration -g3 -Wall -fno-inline -fno-omit-frame-pointer -Og -fPIC -DDEBUG -D_REENTRANT -D__APPLE__ -DCBANG_DEBUG_LEVEL=1 -DUSING_CBANG -DHAVE_CONFIG_H -D_POSIX_C_SOURCE=200809L -I/opt/homebrew/opt/openssl@3/include -Iinclude -Isrc -Isrc/boost -Isrc/libyaml/src build/libyaml/src/writer.c
scons: `lib/libre2.a' is up to date.
clang++ -o build/cbang/Application.o -c -faligned-new -std=c++17 -fsigned-char -g3 -Wall -fno-inline -fno-omit-frame-pointer -Og -fPIC -DDEBUG -D_REENTRANT -D__APPLE__ -DCBANG_DEBUG_LEVEL=1 -DUSING_CBANG -I/opt/homebrew/opt/openssl@3/include -Iinclude -Isrc -Isrc/boost src/cbang/Application.cpp
clang++ -o build/cbang/Exception.o -c -faligned-new -std=c++17 -fsigned-char -g3 -Wall -fno-inline -fno-omit-frame-pointer -Og -fPIC -DDEBUG -D_REENTRANT -D__APPLE__ -DCBANG_DEBUG_LEVEL=1 -DUSING_CBANG -I/opt/homebrew/opt/openssl@3/include -Iinclude -Isrc -Isrc/boost src/cbang/Exception.cpp
clang++ -o build/cbang/FileLocation.o -c -faligned-new -std=c++17 -fsigned-char -g3 -Wall -fno-inline -fno-omit-frame-pointer -Og -fPIC -DDEBUG -D_REENTRANT -D__APPLE__ -DCBANG_DEBUG_LEVEL=1 -DUSING_CBANG -I/opt/homebrew/opt/openssl@3/include -Iinclude -Isrc -Isrc/boost src/cbang/FileLocation.cpp
clang++ -o build/cbang/Info.o -c -faligned-new -std=c++17 -fsigned-char -g3 -Wall -fno-inline -fno-omit-frame-pointer -Og -fPIC -DDEBUG -D_REENTRANT -D__APPLE__ -DCBANG_DEBUG_LEVEL=1 -DUSING_CBANG -I/opt/homebrew/opt/openssl@3/include -Iinclude -Isrc -Isrc/boost src/cbang/Info.cpp
clang++ -o build/cbang/LocationRange.o -c -faligned-new -std=c++17 -fsigned-char -g3 -Wall -fno-inline -fno-omit-frame-pointer -Og -fPIC -DDEBUG -D_REENTRANT -D__APPLE__ -DCBANG_DEBUG_LEVEL=1 -DUSING_CBANG -I/opt/homebrew/opt/openssl@3/include -Iinclude -Isrc -Isrc/boost src/cbang/LocationRange.cpp
scons: `lib/libyaml.a' is up to date.
clang++ -o build/cbang/RefCounter.o -c -faligned-new -std=c++17 -fsigned-char -g3 -Wall -fno-inline -fno-omit-frame-pointer -Og -fPIC -DDEBUG -D_REENTRANT -D__APPLE__ -DCBANG_DEBUG_LEVEL=1 -DUSING_CBANG -I/opt/homebrew/opt/openssl@3/include -Iinclude -Isrc -Isrc/boost src/cbang/RefCounter.cpp
clang++ -o build/cbang/SmartPointer.o -c -faligned-new -std=c++17 -fsigned-char -g3 -Wall -fno-inline -fno-omit-frame-pointer -Og -fPIC -DDEBUG -D_REENTRANT -D__APPLE__ -DCBANG_DEBUG_LEVEL=1 -DUSING_CBANG -I/opt/homebrew/opt/openssl@3/include -Iinclude -Isrc -Isrc/boost src/cbang/SmartPointer.cpp
clang++ -o build/cbang/String.o -c -faligned-new -std=c++17 -fsigned-char -g3 -Wall -fno-inline -fno-omit-frame-pointer -Og -fPIC -DDEBUG -D_REENTRANT -D__APPLE__ -DCBANG_DEBUG_LEVEL=1 -DUSING_CBANG -I/opt/homebrew/opt/openssl@3/include -Iinclude -Isrc -Isrc/boost src/cbang/String.cpp
clang++ -o build/cbang/oauth2/FacebookProvider.o -c -faligned-new -std=c++17 -fsigned-char -g3 -Wall -fno-inline -fno-omit-frame-pointer -Og -fPIC -DDEBUG -D_REENTRANT -D__APPLE__ -DCBANG_DEBUG_LEVEL=1 -DUSING_CBANG -I/opt/homebrew/opt/openssl@3/include -Iinclude -Isrc -Isrc/boost src/cbang/oauth2/FacebookProvider.cpp
clang++ -o build/cbang/oauth2/GitHubProvider.o -c -faligned-new -std=c++17 -fsigned-char -g3 -Wall -fno-inline -fno-omit-frame-pointer -Og -fPIC -DDEBUG -D_REENTRANT -D__APPLE__ -DCBANG_DEBUG_LEVEL=1 -DUSING_CBANG -I/opt/homebrew/opt/openssl@3/include -Iinclude -Isrc -Isrc/boost src/cbang/oauth2/GitHubProvider.cpp
clang++ -o build/cbang/oauth2/GoogleProvider.o -c -faligned-new -std=c++17 -fsigned-char -g3 -Wall -fno-inline -fno-omit-frame-pointer -Og -fPIC -DDEBUG -D_REENTRANT -D__APPLE__ -DCBANG_DEBUG_LEVEL=1 -DUSING_CBANG -I/opt/homebrew/opt/openssl@3/include -Iinclude -Isrc -Isrc/boost src/cbang/oauth2/GoogleProvider.cpp
clang++ -o build/cbang/oauth2/Login.o -c -faligned-new -std=c++17 -fsigned-char -g3 -Wall -fno-inline -fno-omit-frame-pointer -Og -fPIC -DDEBUG -D_REENTRANT -D__APPLE__ -DCBANG_DEBUG_LEVEL=1 -DUSING_CBANG -I/opt/homebrew/opt/openssl@3/include -Iinclude -Isrc -Isrc/boost src/cbang/oauth2/Login.cpp
clang++ -o build/cbang/oauth2/LoginHandler.o -c -faligned-new -std=c++17 -fsigned-char -g3 -Wall -fno-inline -fno-omit-frame-pointer -Og -fPIC -DDEBUG -D_REENTRANT -D__APPLE__ -DCBANG_DEBUG_LEVEL=1 -DUSING_CBANG -I/opt/homebrew/opt/openssl@3/include -Iinclude -Isrc -Isrc/boost src/cbang/oauth2/LoginHandler.cpp
clang++ -o build/cbang/oauth2/Provider.o -c -faligned-new -std=c++17 -fsigned-char -g3 -Wall -fno-inline -fno-omit-frame-pointer -Og -fPIC -DDEBUG -D_REENTRANT -D__APPLE__ -DCBANG_DEBUG_LEVEL=1 -DUSING_CBANG -I/opt/homebrew/opt/openssl@3/include -Iinclude -Isrc -Isrc/boost src/cbang/oauth2/Provider.cpp
clang++ -o build/cbang/oauth2/Providers.o -c -faligned-new -std=c++17 -fsigned-char -g3 -Wall -fno-inline -fno-omit-frame-pointer -Og -fPIC -DDEBUG -D_REENTRANT -D__APPLE__ -DCBANG_DEBUG_LEVEL=1 -DUSING_CBANG -I/opt/homebrew/opt/openssl@3/include -Iinclude -Isrc -Isrc/boost src/cbang/oauth2/Providers.cpp
clang++ -o build/cbang/comp/Compression.o -c -faligned-new -std=c++17 -fsigned-char -g3 -Wall -fno-inline -fno-omit-frame-pointer -Og -fPIC -DDEBUG -D_REENTRANT -D__APPLE__ -DCBANG_DEBUG_LEVEL=1 -DUSING_CBANG -I/opt/homebrew/opt/openssl@3/include -Iinclude -Isrc -Isrc/boost src/cbang/comp/Compression.cpp
clang++ -o build/cbang/comp/Press.o -c -faligned-new -std=c++17 -fsigned-char -g3 -Wall -fno-inline -fno-omit-frame-pointer -Og -fPIC -DDEBUG -D_REENTRANT -D__APPLE__ -DCBANG_DEBUG_LEVEL=1 -DUSING_CBANG -I/opt/homebrew/opt/openssl@3/include -Iinclude -Isrc -Isrc/boost src/cbang/comp/Press.cpp
clang++ -o build/cbang/comp/Tar.o -c -faligned-new -std=c++17 -fsigned-char -g3 -Wall -fno-inline -fno-omit-frame-pointer -Og -fPIC -DDEBUG -D_REENTRANT -D__APPLE__ -DCBANG_DEBUG_LEVEL=1 -DUSING_CBANG -I/opt/homebrew/opt/openssl@3/include -Iinclude -Isrc -Isrc/boost src/cbang/comp/Tar.cpp
clang++ -o build/cbang/comp/TarFileReader.o -c -faligned-new -std=c++17 -fsigned-char -g3 -Wall -fno-inline -fno-omit-frame-pointer -Og -fPIC -DDEBUG -D_REENTRANT -D__APPLE__ -DCBANG_DEBUG_LEVEL=1 -DUSING_CBANG -I/opt/homebrew/opt/openssl@3/include -Iinclude -Isrc -Isrc/boost src/cbang/comp/TarFileReader.cpp
clang++ -o build/cbang/comp/TarFileWriter.o -c -faligned-new -std=c++17 -fsigned-char -g3 -Wall -fno-inline -fno-omit-frame-pointer -Og -fPIC -DDEBUG -D_REENTRANT -D__APPLE__ -DCBANG_DEBUG_LEVEL=1 -DUSING_CBANG -I/opt/homebrew/opt/openssl@3/include -Iinclude -Isrc -Isrc/boost src/cbang/comp/TarFileWriter.cpp
clang++ -o build/cbang/comp/TarHeader.o -c -faligned-new -std=c++17 -fsigned-char -g3 -Wall -fno-inline -fno-omit-frame-pointer -Og -fPIC -DDEBUG -D_REENTRANT -D__APPLE__ -DCBANG_DEBUG_LEVEL=1 -DUSING_CBANG -I/opt/homebrew/opt/openssl@3/include -Iinclude -Isrc -Isrc/boost src/cbang/comp/TarHeader.cpp
clang++ -o build/cbang/config/CommandLine.o -c -faligned-new -std=c++17 -fsigned-char -g3 -Wall -fno-inline -fno-omit-frame-pointer -Og -fPIC -DDEBUG -D_REENTRANT -D__APPLE__ -DCBANG_DEBUG_LEVEL=1 -DUSING_CBANG -I/opt/homebrew/opt/openssl@3/include -Iinclude -Isrc -Isrc/boost src/cbang/config/CommandLine.cpp
clang++ -o build/cbang/config/Option.o -c -faligned-new -std=c++17 -fsigned-char -g3 -Wall -fno-inline -fno-omit-frame-pointer -Og -fPIC -DDEBUG -D_REENTRANT -D__APPLE__ -DCBANG_DEBUG_LEVEL=1 -DUSING_CBANG -I/opt/homebrew/opt/openssl@3/include -Iinclude -Isrc -Isrc/boost src/cbang/config/Option.cpp
clang++ -o build/cbang/config/OptionCategory.o -c -faligned-new -std=c++17 -fsigned-char -g3 -Wall -fno-inline -fno-omit-frame-pointer -Og -fPIC -DDEBUG -D_REENTRANT -D__APPLE__ -DCBANG_DEBUG_LEVEL=1 -DUSING_CBANG -I/opt/homebrew/opt/openssl@3/include -Iinclude -Isrc -Isrc/boost src/cbang/config/OptionCategory.cpp
clang++ -o build/cbang/config/OptionProxy.o -c -faligned-new -std=c++17 -fsigned-char -g3 -Wall -fno-inline -fno-omit-frame-pointer -Og -fPIC -DDEBUG -D_REENTRANT -D__APPLE__ -DCBANG_DEBUG_LEVEL=1 -DUSING_CBANG -I/opt/homebrew/opt/openssl@3/include -Iinclude -Isrc -Isrc/boost src/cbang/config/OptionProxy.cpp
clang++ -o build/cbang/config/OptionType.o -c -faligned-new -std=c++17 -fsigned-char -g3 -Wall -fno-inline -fno-omit-frame-pointer -Og -fPIC -DDEBUG -D_REENTRANT -D__APPLE__ -DCBANG_DEBUG_LEVEL=1 -DUSING_CBANG -I/opt/homebrew/opt/openssl@3/include -Iinclude -Isrc -Isrc/boost src/cbang/config/OptionType.cpp
clang++ -o build/cbang/config/Options.o -c -faligned-new -std=c++17 -fsigned-char -g3 -Wall -fno-inline -fno-omit-frame-pointer -Og -fPIC -DDEBUG -D_REENTRANT -D__APPLE__ -DCBANG_DEBUG_LEVEL=1 -DUSING_CBANG -I/opt/homebrew/opt/openssl@3/include -Iinclude -Isrc -Isrc/boost src/cbang/config/Options.cpp
clang++ -o build/cbang/config/RegexConstraint.o -c -faligned-new -std=c++17 -fsigned-char -g3 -Wall -fno-inline -fno-omit-frame-pointer -Og -fPIC -DDEBUG -D_REENTRANT -D__APPLE__ -DCBANG_DEBUG_LEVEL=1 -DUSING_CBANG -I/opt/homebrew/opt/openssl@3/include -Iinclude -Isrc -Isrc/boost src/cbang/config/RegexConstraint.cpp
clang++ -o build/cbang/db/Backup.o -c -faligned-new -std=c++17 -fsigned-char -g3 -Wall -fno-inline -fno-omit-frame-pointer -Og -fPIC -DDEBUG -D_REENTRANT -D__APPLE__ -DCBANG_DEBUG_LEVEL=1 -DUSING_CBANG -I/opt/homebrew/opt/openssl@3/include -Iinclude -Isrc -Isrc/boost src/cbang/db/Backup.cpp
clang++ -o build/cbang/db/Blob.o -c -faligned-new -std=c++17 -fsigned-char -g3 -Wall -fno-inline -fno-omit-frame-pointer -Og -fPIC -DDEBUG -D_REENTRANT -D__APPLE__ -DCBANG_DEBUG_LEVEL=1 -DUSING_CBANG -I/opt/homebrew/opt/openssl@3/include -Iinclude -Isrc -Isrc/boost src/cbang/db/Blob.cpp
clang++ -o build/cbang/db/Column.o -c -faligned-new -std=c++17 -fsigned-char -g3 -Wall -fno-inline -fno-omit-frame-pointer -Og -fPIC -DDEBUG -D_REENTRANT -D__APPLE__ -DCBANG_DEBUG_LEVEL=1 -DUSING_CBANG -I/opt/homebrew/opt/openssl@3/include -Iinclude -Isrc -Isrc/boost src/cbang/db/Column.cpp
clang++ -o build/cbang/db/Database.o -c -faligned-new -std=c++17 -fsigned-char -g3 -Wall -fno-inline -fno-omit-frame-pointer -Og -fPIC -DDEBUG -D_REENTRANT -D__APPLE__ -DCBANG_DEBUG_LEVEL=1 -DUSING_CBANG -I/opt/homebrew/opt/openssl@3/include -Iinclude -Isrc -Isrc/boost src/cbang/db/Database.cpp
src/cbang/db/Column.cpp:62:10: warning: null passed to a callee that requires a non-null argument [-Wnonnull]
   62 |   return 0;
      |          ^
src/cbang/db/Column.cpp:71:10: warning: null passed to a callee that requires a non-null argument [-Wnonnull]
   71 |   return 0;
      |          ^
src/cbang/db/Column.cpp:80:10: warning: null passed to a callee that requires a non-null argument [-Wnonnull]
   80 |   return 0;
      |          ^
3 warnings generated.
clang++ -o build/cbang/db/LevelDB.o -c -faligned-new -std=c++17 -fsigned-char -g3 -Wall -fno-inline -fno-omit-frame-pointer -Og -fPIC -DDEBUG -D_REENTRANT -D__APPLE__ -DCBANG_DEBUG_LEVEL=1 -DUSING_CBANG -I/opt/homebrew/opt/openssl@3/include -Iinclude -Isrc -Isrc/boost src/cbang/db/LevelDB.cpp
clang++ -o build/cbang/db/NameValueTable.o -c -faligned-new -std=c++17 -fsigned-char -g3 -Wall -fno-inline -fno-omit-frame-pointer -Og -fPIC -DDEBUG -D_REENTRANT -D__APPLE__ -DCBANG_DEBUG_LEVEL=1 -DUSING_CBANG -I/opt/homebrew/opt/openssl@3/include -Iinclude -Isrc -Isrc/boost src/cbang/db/NameValueTable.cpp
clang++ -o build/cbang/db/Parameter.o -c -faligned-new -std=c++17 -fsigned-char -g3 -Wall -fno-inline -fno-omit-frame-pointer -Og -fPIC -DDEBUG -D_REENTRANT -D__APPLE__ -DCBANG_DEBUG_LEVEL=1 -DUSING_CBANG -I/opt/homebrew/opt/openssl@3/include -Iinclude -Isrc -Isrc/boost src/cbang/db/Parameter.cpp
clang++ -o build/cbang/db/Schema.o -c -faligned-new -std=c++17 -fsigned-char -g3 -Wall -fno-inline -fno-omit-frame-pointer -Og -fPIC -DDEBUG -D_REENTRANT -D__APPLE__ -DCBANG_DEBUG_LEVEL=1 -DUSING_CBANG -I/opt/homebrew/opt/openssl@3/include -Iinclude -Isrc -Isrc/boost src/cbang/db/Schema.cpp
clang++ -o build/cbang/db/Statement.o -c -faligned-new -std=c++17 -fsigned-char -g3 -Wall -fno-inline -fno-omit-frame-pointer -Og -fPIC -DDEBUG -D_REENTRANT -D__APPLE__ -DCBANG_DEBUG_LEVEL=1 -DUSING_CBANG -I/opt/homebrew/opt/openssl@3/include -Iinclude -Isrc -Isrc/boost src/cbang/db/Statement.cpp
clang++ -o build/cbang/db/TableDef.o -c -faligned-new -std=c++17 -fsigned-char -g3 -Wall -fno-inline -fno-omit-frame-pointer -Og -fPIC -DDEBUG -D_REENTRANT -D__APPLE__ -DCBANG_DEBUG_LEVEL=1 -DUSING_CBANG -I/opt/homebrew/opt/openssl@3/include -Iinclude -Isrc -Isrc/boost src/cbang/db/TableDef.cpp
clang++ -o build/cbang/db/Transaction.o -c -faligned-new -std=c++17 -fsigned-char -g3 -Wall -fno-inline -fno-omit-frame-pointer -Og -fPIC -DDEBUG -D_REENTRANT -D__APPLE__ -DCBANG_DEBUG_LEVEL=1 -DUSING_CBANG -I/opt/homebrew/opt/openssl@3/include -Iinclude -Isrc -Isrc/boost src/cbang/db/Transaction.cpp
clang++ -o build/cbang/debug/BFDResolver.o -c -faligned-new -std=c++17 -fsigned-char -g3 -Wall -fno-inline -fno-omit-frame-pointer -Og -fPIC -DDEBUG -D_REENTRANT -D__APPLE__ -DCBANG_DEBUG_LEVEL=1 -DUSING_CBANG -I/opt/homebrew/opt/openssl@3/include -Iinclude -Isrc -Isrc/boost src/cbang/debug/BFDResolver.cpp
clang++ -o build/cbang/debug/BacktraceDebugger.o -c -faligned-new -std=c++17 -fsigned-char -g3 -Wall -fno-inline -fno-omit-frame-pointer -Og -fPIC -DDEBUG -D_REENTRANT -D__APPLE__ -DCBANG_DEBUG_LEVEL=1 -DUSING_CBANG -I/opt/homebrew/opt/openssl@3/include -Iinclude -Isrc -Isrc/boost src/cbang/debug/BacktraceDebugger.cpp
clang++ -o build/cbang/debug/Debugger.o -c -faligned-new -std=c++17 -fsigned-char -g3 -Wall -fno-inline -fno-omit-frame-pointer -Og -fPIC -DDEBUG -D_REENTRANT -D__APPLE__ -DCBANG_DEBUG_LEVEL=1 -DUSING_CBANG -I/opt/homebrew/opt/openssl@3/include -Iinclude -Isrc -Isrc/boost src/cbang/debug/Debugger.cpp
clang++ -o build/cbang/debug/Demangle.o -c -faligned-new -std=c++17 -fsigned-char -g3 -Wall -fno-inline -fno-omit-frame-pointer -Og -fPIC -DDEBUG -D_REENTRANT -D__APPLE__ -DCBANG_DEBUG_LEVEL=1 -DUSING_CBANG -I/opt/homebrew/opt/openssl@3/include -Iinclude -Isrc -Isrc/boost src/cbang/debug/Demangle.cpp
clang++ -o build/cbang/debug/StackFrame.o -c -faligned-new -std=c++17 -fsigned-char -g3 -Wall -fno-inline -fno-omit-frame-pointer -Og -fPIC -DDEBUG -D_REENTRANT -D__APPLE__ -DCBANG_DEBUG_LEVEL=1 -DUSING_CBANG -I/opt/homebrew/opt/openssl@3/include -Iinclude -Isrc -Isrc/boost src/cbang/debug/StackFrame.cpp
clang++ -o build/cbang/debug/StackTrace.o -c -faligned-new -std=c++17 -fsigned-char -g3 -Wall -fno-inline -fno-omit-frame-pointer -Og -fPIC -DDEBUG -D_REENTRANT -D__APPLE__ -DCBANG_DEBUG_LEVEL=1 -DUSING_CBANG -I/opt/homebrew/opt/openssl@3/include -Iinclude -Isrc -Isrc/boost src/cbang/debug/StackTrace.cpp
clang++ -o build/cbang/dns/Base.o -c -faligned-new -std=c++17 -fsigned-char -g3 -Wall -fno-inline -fno-omit-frame-pointer -Og -fPIC -DDEBUG -D_REENTRANT -D__APPLE__ -DCBANG_DEBUG_LEVEL=1 -DUSING_CBANG -I/opt/homebrew/opt/openssl@3/include -Iinclude -Isrc -Isrc/boost src/cbang/dns/Base.cpp
clang++ -o build/cbang/dns/Error.o -c -faligned-new -std=c++17 -fsigned-char -g3 -Wall -fno-inline -fno-omit-frame-pointer -Og -fPIC -DDEBUG -D_REENTRANT -D__APPLE__ -DCBANG_DEBUG_LEVEL=1 -DUSING_CBANG -I/opt/homebrew/opt/openssl@3/include -Iinclude -Isrc -Isrc/boost src/cbang/dns/Error.cpp
clang++ -o build/cbang/dns/Nameserver.o -c -faligned-new -std=c++17 -fsigned-char -g3 -Wall -fno-inline -fno-omit-frame-pointer -Og -fPIC -DDEBUG -D_REENTRANT -D__APPLE__ -DCBANG_DEBUG_LEVEL=1 -DUSING_CBANG -I/opt/homebrew/opt/openssl@3/include -Iinclude -Isrc -Isrc/boost src/cbang/dns/Nameserver.cpp
clang++ -o build/cbang/dns/Request.o -c -faligned-new -std=c++17 -fsigned-char -g3 -Wall -fno-inline -fno-omit-frame-pointer -Og -fPIC -DDEBUG -D_REENTRANT -D__APPLE__ -DCBANG_DEBUG_LEVEL=1 -DUSING_CBANG -I/opt/homebrew/opt/openssl@3/include -Iinclude -Isrc -Isrc/boost src/cbang/dns/Request.cpp
clang++ -o build/cbang/dns/RequestResolve.o -c -faligned-new -std=c++17 -fsigned-char -g3 -Wall -fno-inline -fno-omit-frame-pointer -Og -fPIC -DDEBUG -D_REENTRANT -D__APPLE__ -DCBANG_DEBUG_LEVEL=1 -DUSING_CBANG -I/opt/homebrew/opt/openssl@3/include -Iinclude -Isrc -Isrc/boost src/cbang/dns/RequestResolve.cpp
clang++ -o build/cbang/dns/RequestReverse.o -c -faligned-new -std=c++17 -fsigned-char -g3 -Wall -fno-inline -fno-omit-frame-pointer -Og -fPIC -DDEBUG -D_REENTRANT -D__APPLE__ -DCBANG_DEBUG_LEVEL=1 -DUSING_CBANG -I/opt/homebrew/opt/openssl@3/include -Iinclude -Isrc -Isrc/boost src/cbang/dns/RequestReverse.cpp
clang++ -o build/cbang/dns/Type.o -c -faligned-new -std=c++17 -fsigned-char -g3 -Wall -fno-inline -fno-omit-frame-pointer -Og -fPIC -DDEBUG -D_REENTRANT -D__APPLE__ -DCBANG_DEBUG_LEVEL=1 -DUSING_CBANG -I/opt/homebrew/opt/openssl@3/include -Iinclude -Isrc -Isrc/boost src/cbang/dns/Type.cpp
clang++ -o build/cbang/event/AsyncSubprocess.o -c -faligned-new -std=c++17 -fsigned-char -g3 -Wall -fno-inline -fno-omit-frame-pointer -Og -fPIC -DDEBUG -D_REENTRANT -D__APPLE__ -DCBANG_DEBUG_LEVEL=1 -DUSING_CBANG -I/opt/homebrew/opt/openssl@3/include -Iinclude -Isrc -Isrc/boost src/cbang/event/AsyncSubprocess.cpp
clang++ -o build/cbang/event/Base.o -c -faligned-new -std=c++17 -fsigned-char -g3 -Wall -fno-inline -fno-omit-frame-pointer -Og -fPIC -DDEBUG -D_REENTRANT -D__APPLE__ -DCBANG_DEBUG_LEVEL=1 -DUSING_CBANG -I/opt/homebrew/opt/openssl@3/include -Iinclude -Isrc -Isrc/boost src/cbang/event/Base.cpp
clang++ -o build/cbang/event/Buffer.o -c -faligned-new -std=c++17 -fsigned-char -g3 -Wall -fno-inline -fno-omit-frame-pointer -Og -fPIC -DDEBUG -D_REENTRANT -D__APPLE__ -DCBANG_DEBUG_LEVEL=1 -DUSING_CBANG -I/opt/homebrew/opt/openssl@3/include -Iinclude -Isrc -Isrc/boost src/cbang/event/Buffer.cpp
clang++ -o build/cbang/event/ConcurrentPool.o -c -faligned-new -std=c++17 -fsigned-char -g3 -Wall -fno-inline -fno-omit-frame-pointer -Og -fPIC -DDEBUG -D_REENTRANT -D__APPLE__ -DCBANG_DEBUG_LEVEL=1 -DUSING_CBANG -I/opt/homebrew/opt/openssl@3/include -Iinclude -Isrc -Isrc/boost src/cbang/event/ConcurrentPool.cpp
clang++ -o build/cbang/event/Connection.o -c -faligned-new -std=c++17 -fsigned-char -g3 -Wall -fno-inline -fno-omit-frame-pointer -Og -fPIC -DDEBUG -D_REENTRANT -D__APPLE__ -DCBANG_DEBUG_LEVEL=1 -DUSING_CBANG -I/opt/homebrew/opt/openssl@3/include -Iinclude -Isrc -Isrc/boost src/cbang/event/Connection.cpp
clang++ -o build/cbang/event/ConnectionError.o -c -faligned-new -std=c++17 -fsigned-char -g3 -Wall -fno-inline -fno-omit-frame-pointer -Og -fPIC -DDEBUG -D_REENTRANT -D__APPLE__ -DCBANG_DEBUG_LEVEL=1 -DUSING_CBANG -I/opt/homebrew/opt/openssl@3/include -Iinclude -Isrc -Isrc/boost src/cbang/event/ConnectionError.cpp
clang++ -o build/cbang/event/Event.o -c -faligned-new -std=c++17 -fsigned-char -g3 -Wall -fno-inline -fno-omit-frame-pointer -Og -fPIC -DDEBUG -D_REENTRANT -D__APPLE__ -DCBANG_DEBUG_LEVEL=1 -DUSING_CBANG -I/opt/homebrew/opt/openssl@3/include -Iinclude -Isrc -Isrc/boost src/cbang/event/Event.cpp
clang++ -o build/cbang/event/EventFactory.o -c -faligned-new -std=c++17 -fsigned-char -g3 -Wall -fno-inline -fno-omit-frame-pointer -Og -fPIC -DDEBUG -D_REENTRANT -D__APPLE__ -DCBANG_DEBUG_LEVEL=1 -DUSING_CBANG -I/opt/homebrew/opt/openssl@3/include -Iinclude -Isrc -Isrc/boost src/cbang/event/EventFactory.cpp
clang++ -o build/cbang/event/EventFlag.o -c -faligned-new -std=c++17 -fsigned-char -g3 -Wall -fno-inline -fno-omit-frame-pointer -Og -fPIC -DDEBUG -D_REENTRANT -D__APPLE__ -DCBANG_DEBUG_LEVEL=1 -DUSING_CBANG -I/opt/homebrew/opt/openssl@3/include -Iinclude -Isrc -Isrc/boost src/cbang/event/EventFlag.cpp
clang++ -o build/cbang/event/FD.o -c -faligned-new -std=c++17 -fsigned-char -g3 -Wall -fno-inline -fno-omit-frame-pointer -Og -fPIC -DDEBUG -D_REENTRANT -D__APPLE__ -DCBANG_DEBUG_LEVEL=1 -DUSING_CBANG -I/opt/homebrew/opt/openssl@3/include -Iinclude -Isrc -Isrc/boost src/cbang/event/FD.cpp
clang++ -o build/cbang/event/FDPool.o -c -faligned-new -std=c++17 -fsigned-char -g3 -Wall -fno-inline -fno-omit-frame-pointer -Og -fPIC -DDEBUG -D_REENTRANT -D__APPLE__ -DCBANG_DEBUG_LEVEL=1 -DUSING_CBANG -I/opt/homebrew/opt/openssl@3/include -Iinclude -Isrc -Isrc/boost src/cbang/event/FDPool.cpp
clang++ -o build/cbang/event/FDPoolEPoll.o -c -faligned-new -std=c++17 -fsigned-char -g3 -Wall -fno-inline -fno-omit-frame-pointer -Og -fPIC -DDEBUG -D_REENTRANT -D__APPLE__ -DCBANG_DEBUG_LEVEL=1 -DUSING_CBANG -I/opt/homebrew/opt/openssl@3/include -Iinclude -Isrc -Isrc/boost src/cbang/event/FDPoolEPoll.cpp
clang++ -o build/cbang/event/FDPoolEPollCommand.o -c -faligned-new -std=c++17 -fsigned-char -g3 -Wall -fno-inline -fno-omit-frame-pointer -Og -fPIC -DDEBUG -D_REENTRANT -D__APPLE__ -DCBANG_DEBUG_LEVEL=1 -DUSING_CBANG -I/opt/homebrew/opt/openssl@3/include -Iinclude -Isrc -Isrc/boost src/cbang/event/FDPoolEPollCommand.cpp
clang++ -o build/cbang/event/FDPoolEvent.o -c -faligned-new -std=c++17 -fsigned-char -g3 -Wall -fno-inline -fno-omit-frame-pointer -Og -fPIC -DDEBUG -D_REENTRANT -D__APPLE__ -DCBANG_DEBUG_LEVEL=1 -DUSING_CBANG -I/opt/homebrew/opt/openssl@3/include -Iinclude -Isrc -Isrc/boost src/cbang/event/FDPoolEvent.cpp
clang++ -o build/cbang/event/PipeEventBuffer.o -c -faligned-new -std=c++17 -fsigned-char -g3 -Wall -fno-inline -fno-omit-frame-pointer -Og -fPIC -DDEBUG -D_REENTRANT -D__APPLE__ -DCBANG_DEBUG_LEVEL=1 -DUSING_CBANG -I/opt/homebrew/opt/openssl@3/include -Iinclude -Isrc -Isrc/boost src/cbang/event/PipeEventBuffer.cpp
clang++ -o build/cbang/event/Port.o -c -faligned-new -std=c++17 -fsigned-char -g3 -Wall -fno-inline -fno-omit-frame-pointer -Og -fPIC -DDEBUG -D_REENTRANT -D__APPLE__ -DCBANG_DEBUG_LEVEL=1 -DUSING_CBANG -I/opt/homebrew/opt/openssl@3/include -Iinclude -Isrc -Isrc/boost src/cbang/event/Port.cpp
clang++ -o build/cbang/event/RateTracker.o -c -faligned-new -std=c++17 -fsigned-char -g3 -Wall -fno-inline -fno-omit-frame-pointer -Og -fPIC -DDEBUG -D_REENTRANT -D__APPLE__ -DCBANG_DEBUG_LEVEL=1 -DUSING_CBANG -I/opt/homebrew/opt/openssl@3/include -Iinclude -Isrc -Isrc/boost src/cbang/event/RateTracker.cpp
clang++ -o build/cbang/event/Server.o -c -faligned-new -std=c++17 -fsigned-char -g3 -Wall -fno-inline -fno-omit-frame-pointer -Og -fPIC -DDEBUG -D_REENTRANT -D__APPLE__ -DCBANG_DEBUG_LEVEL=1 -DUSING_CBANG -I/opt/homebrew/opt/openssl@3/include -Iinclude -Isrc -Isrc/boost src/cbang/event/Server.cpp
clang++ -o build/cbang/event/StreamEventBuffer.o -c -faligned-new -std=c++17 -fsigned-char -g3 -Wall -fno-inline -fno-omit-frame-pointer -Og -fPIC -DDEBUG -D_REENTRANT -D__APPLE__ -DCBANG_DEBUG_LEVEL=1 -DUSING_CBANG -I/opt/homebrew/opt/openssl@3/include -Iinclude -Isrc -Isrc/boost src/cbang/event/StreamEventBuffer.cpp
clang++ -o build/cbang/event/StreamEventHandler.o -c -faligned-new -std=c++17 -fsigned-char -g3 -Wall -fno-inline -fno-omit-frame-pointer -Og -fPIC -DDEBUG -D_REENTRANT -D__APPLE__ -DCBANG_DEBUG_LEVEL=1 -DUSING_CBANG -I/opt/homebrew/opt/openssl@3/include -Iinclude -Isrc -Isrc/boost src/cbang/event/StreamEventHandler.cpp
clang++ -o build/cbang/event/StreamLogger.o -c -faligned-new -std=c++17 -fsigned-char -g3 -Wall -fno-inline -fno-omit-frame-pointer -Og -fPIC -DDEBUG -D_REENTRANT -D__APPLE__ -DCBANG_DEBUG_LEVEL=1 -DUSING_CBANG -I/opt/homebrew/opt/openssl@3/include -Iinclude -Isrc -Isrc/boost src/cbang/event/StreamLogger.cpp
clang++ -o build/cbang/event/SubprocessPool.o -c -faligned-new -std=c++17 -fsigned-char -g3 -Wall -fno-inline -fno-omit-frame-pointer -Og -fPIC -DDEBUG -D_REENTRANT -D__APPLE__ -DCBANG_DEBUG_LEVEL=1 -DUSING_CBANG -I/opt/homebrew/opt/openssl@3/include -Iinclude -Isrc -Isrc/boost src/cbang/event/SubprocessPool.cpp
clang++ -o build/cbang/event/TransferRead.o -c -faligned-new -std=c++17 -fsigned-char -g3 -Wall -fno-inline -fno-omit-frame-pointer -Og -fPIC -DDEBUG -D_REENTRANT -D__APPLE__ -DCBANG_DEBUG_LEVEL=1 -DUSING_CBANG -I/opt/homebrew/opt/openssl@3/include -Iinclude -Isrc -Isrc/boost src/cbang/event/TransferRead.cpp
clang++ -o build/cbang/event/TransferWrite.o -c -faligned-new -std=c++17 -fsigned-char -g3 -Wall -fno-inline -fno-omit-frame-pointer -Og -fPIC -DDEBUG -D_REENTRANT -D__APPLE__ -DCBANG_DEBUG_LEVEL=1 -DUSING_CBANG -I/opt/homebrew/opt/openssl@3/include -Iinclude -Isrc -Isrc/boost src/cbang/event/TransferWrite.cpp
clang++ -o build/cbang/http/ACLHandler.o -c -faligned-new -std=c++17 -fsigned-char -g3 -Wall -fno-inline -fno-omit-frame-pointer -Og -fPIC -DDEBUG -D_REENTRANT -D__APPLE__ -DCBANG_DEBUG_LEVEL=1 -DUSING_CBANG -I/opt/homebrew/opt/openssl@3/include -Iinclude -Isrc -Isrc/boost src/cbang/http/ACLHandler.cpp
clang++ -o build/cbang/http/AccessHandler.o -c -faligned-new -std=c++17 -fsigned-char -g3 -Wall -fno-inline -fno-omit-frame-pointer -Og -fPIC -DDEBUG -D_REENTRANT -D__APPLE__ -DCBANG_DEBUG_LEVEL=1 -DUSING_CBANG -I/opt/homebrew/opt/openssl@3/include -Iinclude -Isrc -Isrc/boost src/cbang/http/AccessHandler.cpp
clang++ -o build/cbang/http/Client.o -c -faligned-new -std=c++17 -fsigned-char -g3 -Wall -fno-inline -fno-omit-frame-pointer -Og -fPIC -DDEBUG -D_REENTRANT -D__APPLE__ -DCBANG_DEBUG_LEVEL=1 -DUSING_CBANG -I/opt/homebrew/opt/openssl@3/include -Iinclude -Isrc -Isrc/boost src/cbang/http/Client.cpp
clang++ -o build/cbang/http/Conn.o -c -faligned-new -std=c++17 -fsigned-char -g3 -Wall -fno-inline -fno-omit-frame-pointer -Og -fPIC -DDEBUG -D_REENTRANT -D__APPLE__ -DCBANG_DEBUG_LEVEL=1 -DUSING_CBANG -I/opt/homebrew/opt/openssl@3/include -Iinclude -Isrc -Isrc/boost src/cbang/http/Conn.cpp
clang++ -o build/cbang/http/ConnIn.o -c -faligned-new -std=c++17 -fsigned-char -g3 -Wall -fno-inline -fno-omit-frame-pointer -Og -fPIC -DDEBUG -D_REENTRANT -D__APPLE__ -DCBANG_DEBUG_LEVEL=1 -DUSING_CBANG -I/opt/homebrew/opt/openssl@3/include -Iinclude -Isrc -Isrc/boost src/cbang/http/ConnIn.cpp
clang++ -o build/cbang/http/ConnOut.o -c -faligned-new -std=c++17 -fsigned-char -g3 -Wall -fno-inline -fno-omit-frame-pointer -Og -fPIC -DDEBUG -D_REENTRANT -D__APPLE__ -DCBANG_DEBUG_LEVEL=1 -DUSING_CBANG -I/opt/homebrew/opt/openssl@3/include -Iinclude -Isrc -Isrc/boost src/cbang/http/ConnOut.cpp
clang++ -o build/cbang/http/ContentTypes.o -c -faligned-new -std=c++17 -fsigned-char -g3 -Wall -fno-inline -fno-omit-frame-pointer -Og -fPIC -DDEBUG -D_REENTRANT -D__APPLE__ -DCBANG_DEBUG_LEVEL=1 -DUSING_CBANG -I/opt/homebrew/opt/openssl@3/include -Iinclude -Isrc -Isrc/boost src/cbang/http/ContentTypes.cpp
clang++ -o build/cbang/http/Cookie.o -c -faligned-new -std=c++17 -fsigned-char -g3 -Wall -fno-inline -fno-omit-frame-pointer -Og -fPIC -DDEBUG -D_REENTRANT -D__APPLE__ -DCBANG_DEBUG_LEVEL=1 -DUSING_CBANG -I/opt/homebrew/opt/openssl@3/include -Iinclude -Isrc -Isrc/boost src/cbang/http/Cookie.cpp
clang++ -o build/cbang/http/FileHandler.o -c -faligned-new -std=c++17 -fsigned-char -g3 -Wall -fno-inline -fno-omit-frame-pointer -Og -fPIC -DDEBUG -D_REENTRANT -D__APPLE__ -DCBANG_DEBUG_LEVEL=1 -DUSING_CBANG -I/opt/homebrew/opt/openssl@3/include -Iinclude -Isrc -Isrc/boost src/cbang/http/FileHandler.cpp
clang++ -o build/cbang/http/HandlerGroup.o -c -faligned-new -std=c++17 -fsigned-char -g3 -Wall -fno-inline -fno-omit-frame-pointer -Og -fPIC -DDEBUG -D_REENTRANT -D__APPLE__ -DCBANG_DEBUG_LEVEL=1 -DUSING_CBANG -I/opt/homebrew/opt/openssl@3/include -Iinclude -Isrc -Isrc/boost src/cbang/http/HandlerGroup.cpp
clang++ -o build/cbang/http/Headers.o -c -faligned-new -std=c++17 -fsigned-char -g3 -Wall -fno-inline -fno-omit-frame-pointer -Og -fPIC -DDEBUG -D_REENTRANT -D__APPLE__ -DCBANG_DEBUG_LEVEL=1 -DUSING_CBANG -I/opt/homebrew/opt/openssl@3/include -Iinclude -Isrc -Isrc/boost src/cbang/http/Headers.cpp
clang++ -o build/cbang/http/IndexHandler.o -c -faligned-new -std=c++17 -fsigned-char -g3 -Wall -fno-inline -fno-omit-frame-pointer -Og -fPIC -DDEBUG -D_REENTRANT -D__APPLE__ -DCBANG_DEBUG_LEVEL=1 -DUSING_CBANG -I/opt/homebrew/opt/openssl@3/include -Iinclude -Isrc -Isrc/boost src/cbang/http/IndexHandler.cpp
clang++ -o build/cbang/http/Method.o -c -faligned-new -std=c++17 -fsigned-char -g3 -Wall -fno-inline -fno-omit-frame-pointer -Og -fPIC -DDEBUG -D_REENTRANT -D__APPLE__ -DCBANG_DEBUG_LEVEL=1 -DUSING_CBANG -I/opt/homebrew/opt/openssl@3/include -Iinclude -Isrc -Isrc/boost src/cbang/http/Method.cpp
clang++ -o build/cbang/http/MethodMatcher.o -c -faligned-new -std=c++17 -fsigned-char -g3 -Wall -fno-inline -fno-omit-frame-pointer -Og -fPIC -DDEBUG -D_REENTRANT -D__APPLE__ -DCBANG_DEBUG_LEVEL=1 -DUSING_CBANG -I/opt/homebrew/opt/openssl@3/include -Iinclude -Isrc -Isrc/boost src/cbang/http/MethodMatcher.cpp
clang++ -o build/cbang/http/MultipartParser.o -c -faligned-new -std=c++17 -fsigned-char -g3 -Wall -fno-inline -fno-omit-frame-pointer -Og -fPIC -DDEBUG -D_REENTRANT -D__APPLE__ -DCBANG_DEBUG_LEVEL=1 -DUSING_CBANG -I/opt/homebrew/opt/openssl@3/include -Iinclude -Isrc -Isrc/boost src/cbang/http/MultipartParser.cpp
clang++ -o build/cbang/http/OutgoingRequest.o -c -faligned-new -std=c++17 -fsigned-char -g3 -Wall -fno-inline -fno-omit-frame-pointer -Og -fPIC -DDEBUG -D_REENTRANT -D__APPLE__ -DCBANG_DEBUG_LEVEL=1 -DUSING_CBANG -I/opt/homebrew/opt/openssl@3/include -Iinclude -Isrc -Isrc/boost src/cbang/http/OutgoingRequest.cpp
clang++ -o build/cbang/http/PendingRequest.o -c -faligned-new -std=c++17 -fsigned-char -g3 -Wall -fno-inline -fno-omit-frame-pointer -Og -fPIC -DDEBUG -D_REENTRANT -D__APPLE__ -DCBANG_DEBUG_LEVEL=1 -DUSING_CBANG -I/opt/homebrew/opt/openssl@3/include -Iinclude -Isrc -Isrc/boost src/cbang/http/PendingRequest.cpp
clang++ -o build/cbang/http/ProxyRequest.o -c -faligned-new -std=c++17 -fsigned-char -g3 -Wall -fno-inline -fno-omit-frame-pointer -Og -fPIC -DDEBUG -D_REENTRANT -D__APPLE__ -DCBANG_DEBUG_LEVEL=1 -DUSING_CBANG -I/opt/homebrew/opt/openssl@3/include -Iinclude -Isrc -Isrc/boost src/cbang/http/ProxyRequest.cpp
clang++ -o build/cbang/http/RE2PatternMatcher.o -c -faligned-new -std=c++17 -fsigned-char -g3 -Wall -fno-inline -fno-omit-frame-pointer -Og -fPIC -DDEBUG -D_REENTRANT -D__APPLE__ -DCBANG_DEBUG_LEVEL=1 -DUSING_CBANG -I/opt/homebrew/opt/openssl@3/include -Iinclude -Isrc -Isrc/boost src/cbang/http/RE2PatternMatcher.cpp
clang++ -o build/cbang/http/RedirectSecure.o -c -faligned-new -std=c++17 -fsigned-char -g3 -Wall -fno-inline -fno-omit-frame-pointer -Og -fPIC -DDEBUG -D_REENTRANT -D__APPLE__ -DCBANG_DEBUG_LEVEL=1 -DUSING_CBANG -I/opt/homebrew/opt/openssl@3/include -Iinclude -Isrc -Isrc/boost src/cbang/http/RedirectSecure.cpp
clang++ -o build/cbang/http/Request.o -c -faligned-new -std=c++17 -fsigned-char -g3 -Wall -fno-inline -fno-omit-frame-pointer -Og -fPIC -DDEBUG -D_REENTRANT -D__APPLE__ -DCBANG_DEBUG_LEVEL=1 -DUSING_CBANG -I/opt/homebrew/opt/openssl@3/include -Iinclude -Isrc -Isrc/boost src/cbang/http/Request.cpp
clang++ -o build/cbang/http/RequestErrorHandler.o -c -faligned-new -std=c++17 -fsigned-char -g3 -Wall -fno-inline -fno-omit-frame-pointer -Og -fPIC -DDEBUG -D_REENTRANT -D__APPLE__ -DCBANG_DEBUG_LEVEL=1 -DUSING_CBANG -I/opt/homebrew/opt/openssl@3/include -Iinclude -Isrc -Isrc/boost src/cbang/http/RequestErrorHandler.cpp
clang++ -o build/cbang/http/RequestHandlerFactory.o -c -faligned-new -std=c++17 -fsigned-char -g3 -Wall -fno-inline -fno-omit-frame-pointer -Og -fPIC -DDEBUG -D_REENTRANT -D__APPLE__ -DCBANG_DEBUG_LEVEL=1 -DUSING_CBANG -I/opt/homebrew/opt/openssl@3/include -Iinclude -Isrc -Isrc/boost src/cbang/http/RequestHandlerFactory.cpp
clang++ -o build/cbang/http/ResourceHandler.o -c -faligned-new -std=c++17 -fsigned-char -g3 -Wall -fno-inline -fno-omit-frame-pointer -Og -fPIC -DDEBUG -D_REENTRANT -D__APPLE__ -DCBANG_DEBUG_LEVEL=1 -DUSING_CBANG -I/opt/homebrew/opt/openssl@3/include -Iinclude -Isrc -Isrc/boost src/cbang/http/ResourceHandler.cpp
clang++ -o build/cbang/http/Server.o -c -faligned-new -std=c++17 -fsigned-char -g3 -Wall -fno-inline -fno-omit-frame-pointer -Og -fPIC -DDEBUG -D_REENTRANT -D__APPLE__ -DCBANG_DEBUG_LEVEL=1 -DUSING_CBANG -I/opt/homebrew/opt/openssl@3/include -Iinclude -Isrc -Isrc/boost src/cbang/http/Server.cpp
clang++ -o build/cbang/http/Session.o -c -faligned-new -std=c++17 -fsigned-char -g3 -Wall -fno-inline -fno-omit-frame-pointer -Og -fPIC -DDEBUG -D_REENTRANT -D__APPLE__ -DCBANG_DEBUG_LEVEL=1 -DUSING_CBANG -I/opt/homebrew/opt/openssl@3/include -Iinclude -Isrc -Isrc/boost src/cbang/http/Session.cpp
clang++ -o build/cbang/http/SessionHandler.o -c -faligned-new -std=c++17 -fsigned-char -g3 -Wall -fno-inline -fno-omit-frame-pointer -Og -fPIC -DDEBUG -D_REENTRANT -D__APPLE__ -DCBANG_DEBUG_LEVEL=1 -DUSING_CBANG -I/opt/homebrew/opt/openssl@3/include -Iinclude -Isrc -Isrc/boost src/cbang/http/SessionHandler.cpp
clang++ -o build/cbang/http/SessionManager.o -c -faligned-new -std=c++17 -fsigned-char -g3 -Wall -fno-inline -fno-omit-frame-pointer -Og -fPIC -DDEBUG -D_REENTRANT -D__APPLE__ -DCBANG_DEBUG_LEVEL=1 -DUSING_CBANG -I/opt/homebrew/opt/openssl@3/include -Iinclude -Isrc -Isrc/boost src/cbang/http/SessionManager.cpp
clang++ -o build/cbang/http/Status.o -c -faligned-new -std=c++17 -fsigned-char -g3 -Wall -fno-inline -fno-omit-frame-pointer -Og -fPIC -DDEBUG -D_REENTRANT -D__APPLE__ -DCBANG_DEBUG_LEVEL=1 -DUSING_CBANG -I/opt/homebrew/opt/openssl@3/include -Iinclude -Isrc -Isrc/boost src/cbang/http/Status.cpp
clang++ -o build/cbang/http/URLPatternMatcher.o -c -faligned-new -std=c++17 -fsigned-char -g3 -Wall -fno-inline -fno-omit-frame-pointer -Og -fPIC -DDEBUG -D_REENTRANT -D__APPLE__ -DCBANG_DEBUG_LEVEL=1 -DUSING_CBANG -I/opt/homebrew/opt/openssl@3/include -Iinclude -Isrc -Isrc/boost src/cbang/http/URLPatternMatcher.cpp
clang++ -o build/cbang/hw/CPUExtendedFeature.o -c -faligned-new -std=c++17 -fsigned-char -g3 -Wall -fno-inline -fno-omit-frame-pointer -Og -fPIC -DDEBUG -D_REENTRANT -D__APPLE__ -DCBANG_DEBUG_LEVEL=1 -DUSING_CBANG -I/opt/homebrew/opt/openssl@3/include -Iinclude -Isrc -Isrc/boost src/cbang/hw/CPUExtendedFeature.cpp
clang++ -o build/cbang/hw/CPUFeature.o -c -faligned-new -std=c++17 -fsigned-char -g3 -Wall -fno-inline -fno-omit-frame-pointer -Og -fPIC -DDEBUG -D_REENTRANT -D__APPLE__ -DCBANG_DEBUG_LEVEL=1 -DUSING_CBANG -I/opt/homebrew/opt/openssl@3/include -Iinclude -Isrc -Isrc/boost src/cbang/hw/CPUFeature.cpp
clang++ -o build/cbang/hw/CPUFeature80000001.o -c -faligned-new -std=c++17 -fsigned-char -g3 -Wall -fno-inline -fno-omit-frame-pointer -Og -fPIC -DDEBUG -D_REENTRANT -D__APPLE__ -DCBANG_DEBUG_LEVEL=1 -DUSING_CBANG -I/opt/homebrew/opt/openssl@3/include -Iinclude -Isrc -Isrc/boost src/cbang/hw/CPUFeature80000001.cpp
clang++ -o build/cbang/hw/CPUInfo.o -c -faligned-new -std=c++17 -fsigned-char -g3 -Wall -fno-inline -fno-omit-frame-pointer -Og -fPIC -DDEBUG -D_REENTRANT -D__APPLE__ -DCBANG_DEBUG_LEVEL=1 -DUSING_CBANG -I/opt/homebrew/opt/openssl@3/include -Iinclude -Isrc -Isrc/boost src/cbang/hw/CPUInfo.cpp
clang++ -o build/cbang/hw/CPUInfoAArch64.o -c -faligned-new -std=c++17 -fsigned-char -g3 -Wall -fno-inline -fno-omit-frame-pointer -Og -fPIC -DDEBUG -D_REENTRANT -D__APPLE__ -DCBANG_DEBUG_LEVEL=1 -DUSING_CBANG -I/opt/homebrew/opt/openssl@3/include -Iinclude -Isrc -Isrc/boost src/cbang/hw/CPUInfoAArch64.cpp
clang++ -o build/cbang/hw/CPUInfoX86.o -c -faligned-new -std=c++17 -fsigned-char -g3 -Wall -fno-inline -fno-omit-frame-pointer -Og -fPIC -DDEBUG -D_REENTRANT -D__APPLE__ -DCBANG_DEBUG_LEVEL=1 -DUSING_CBANG -I/opt/homebrew/opt/openssl@3/include -Iinclude -Isrc -Isrc/boost src/cbang/hw/CPUInfoX86.cpp
clang++ -o build/cbang/hw/CPURegsAArch64.o -c -faligned-new -std=c++17 -fsigned-char -g3 -Wall -fno-inline -fno-omit-frame-pointer -Og -fPIC -DDEBUG -D_REENTRANT -D__APPLE__ -DCBANG_DEBUG_LEVEL=1 -DUSING_CBANG -I/opt/homebrew/opt/openssl@3/include -Iinclude -Isrc -Isrc/boost src/cbang/hw/CPURegsAArch64.cpp
clang++ -o build/cbang/hw/CPURegsX86.o -c -faligned-new -std=c++17 -fsigned-char -g3 -Wall -fno-inline -fno-omit-frame-pointer -Og -fPIC -DDEBUG -D_REENTRANT -D__APPLE__ -DCBANG_DEBUG_LEVEL=1 -DUSING_CBANG -I/opt/homebrew/opt/openssl@3/include -Iinclude -Isrc -Isrc/boost src/cbang/hw/CPURegsX86.cpp
clang++ -o build/cbang/hw/CUDALibrary.o -c -faligned-new -std=c++17 -fsigned-char -g3 -Wall -fno-inline -fno-omit-frame-pointer -Og -fPIC -DDEBUG -D_REENTRANT -D__APPLE__ -DCBANG_DEBUG_LEVEL=1 -DUSING_CBANG -I/opt/homebrew/opt/openssl@3/include -Iinclude -Isrc -Isrc/boost src/cbang/hw/CUDALibrary.cpp
clang++ -o build/cbang/hw/ComputeDevice.o -c -faligned-new -std=c++17 -fsigned-char -g3 -Wall -fno-inline -fno-omit-frame-pointer -Og -fPIC -DDEBUG -D_REENTRANT -D__APPLE__ -DCBANG_DEBUG_LEVEL=1 -DUSING_CBANG -I/opt/homebrew/opt/openssl@3/include -Iinclude -Isrc -Isrc/boost src/cbang/hw/ComputeDevice.cpp
clang++ -o build/cbang/hw/GPU.o -c -faligned-new -std=c++17 -fsigned-char -g3 -Wall -fno-inline -fno-omit-frame-pointer -Og -fPIC -DDEBUG -D_REENTRANT -D__APPLE__ -DCBANG_DEBUG_LEVEL=1 -DUSING_CBANG -I/opt/homebrew/opt/openssl@3/include -Iinclude -Isrc -Isrc/boost src/cbang/hw/GPU.cpp
clang++ -o build/cbang/hw/GPUIndex.o -c -faligned-new -std=c++17 -fsigned-char -g3 -Wall -fno-inline -fno-omit-frame-pointer -Og -fPIC -DDEBUG -D_REENTRANT -D__APPLE__ -DCBANG_DEBUG_LEVEL=1 -DUSING_CBANG -I/opt/homebrew/opt/openssl@3/include -Iinclude -Isrc -Isrc/boost src/cbang/hw/GPUIndex.cpp
clang++ -o build/cbang/hw/GPUResource.o -c -faligned-new -std=c++17 -fsigned-char -g3 -Wall -fno-inline -fno-omit-frame-pointer -Og -fPIC -DDEBUG -D_REENTRANT -D__APPLE__ -DCBANG_DEBUG_LEVEL=1 -DUSING_CBANG -I/opt/homebrew/opt/openssl@3/include -Iinclude -Isrc -Isrc/boost src/cbang/hw/GPUResource.cpp
clang++ -o build/cbang/hw/GPUType.o -c -faligned-new -std=c++17 -fsigned-char -g3 -Wall -fno-inline -fno-omit-frame-pointer -Og -fPIC -DDEBUG -D_REENTRANT -D__APPLE__ -DCBANG_DEBUG_LEVEL=1 -DUSING_CBANG -I/opt/homebrew/opt/openssl@3/include -Iinclude -Isrc -Isrc/boost src/cbang/hw/GPUType.cpp
clang++ -o build/cbang/hw/GPUVendor.o -c -faligned-new -std=c++17 -fsigned-char -g3 -Wall -fno-inline -fno-omit-frame-pointer -Og -fPIC -DDEBUG -D_REENTRANT -D__APPLE__ -DCBANG_DEBUG_LEVEL=1 -DUSING_CBANG -I/opt/homebrew/opt/openssl@3/include -Iinclude -Isrc -Isrc/boost src/cbang/hw/GPUVendor.cpp
clang++ -o build/cbang/hw/HIPLibrary.o -c -faligned-new -std=c++17 -fsigned-char -g3 -Wall -fno-inline -fno-omit-frame-pointer -Og -fPIC -DDEBUG -D_REENTRANT -D__APPLE__ -DCBANG_DEBUG_LEVEL=1 -DUSING_CBANG -I/opt/homebrew/opt/openssl@3/include -Iinclude -Isrc -Isrc/boost src/cbang/hw/HIPLibrary.cpp
clang++ -o build/cbang/hw/OpenCLLibrary.o -c -faligned-new -std=c++17 -fsigned-char -g3 -Wall -fno-inline -fno-omit-frame-pointer -Og -fPIC -DDEBUG -D_REENTRANT -D__APPLE__ -DCBANG_DEBUG_LEVEL=1 -DUSING_CBANG -I/opt/homebrew/opt/openssl@3/include -Iinclude -Isrc -Isrc/boost src/cbang/hw/OpenCLLibrary.cpp
clang++ -o build/cbang/hw/PCIDevice.o -c -faligned-new -std=c++17 -fsigned-char -g3 -Wall -fno-inline -fno-omit-frame-pointer -Og -fPIC -DDEBUG -D_REENTRANT -D__APPLE__ -DCBANG_DEBUG_LEVEL=1 -DUSING_CBANG -I/opt/homebrew/opt/openssl@3/include -Iinclude -Isrc -Isrc/boost src/cbang/hw/PCIDevice.cpp
clang++ -o build/cbang/hw/PCIInfo.o -c -faligned-new -std=c++17 -fsigned-char -g3 -Wall -fno-inline -fno-omit-frame-pointer -Og -fPIC -DDEBUG -D_REENTRANT -D__APPLE__ -DCBANG_DEBUG_LEVEL=1 -DUSING_CBANG -I/opt/homebrew/opt/openssl@3/include -Iinclude -Isrc -Isrc/boost src/cbang/hw/PCIInfo.cpp
clang++ -o build/cbang/hw/PCIVendor.o -c -faligned-new -std=c++17 -fsigned-char -g3 -Wall -fno-inline -fno-omit-frame-pointer -Og -fPIC -DDEBUG -D_REENTRANT -D__APPLE__ -DCBANG_DEBUG_LEVEL=1 -DUSING_CBANG -I/opt/homebrew/opt/openssl@3/include -Iinclude -Isrc -Isrc/boost src/cbang/hw/PCIVendor.cpp
clang++ -o build/cbang/io/InputSource.o -c -faligned-new -std=c++17 -fsigned-char -g3 -Wall -fno-inline -fno-omit-frame-pointer -Og -fPIC -DDEBUG -D_REENTRANT -D__APPLE__ -DCBANG_DEBUG_LEVEL=1 -DUSING_CBANG -I/opt/homebrew/opt/openssl@3/include -Iinclude -Isrc -Isrc/boost src/cbang/io/InputSource.cpp
clang++ -o build/cbang/io/StreamBuf.o -c -faligned-new -std=c++17 -fsigned-char -g3 -Wall -fno-inline -fno-omit-frame-pointer -Og -fPIC -DDEBUG -D_REENTRANT -D__APPLE__ -DCBANG_DEBUG_LEVEL=1 -DUSING_CBANG -I/opt/homebrew/opt/openssl@3/include -Iinclude -Isrc -Isrc/boost src/cbang/io/StreamBuf.cpp
src/cbang/hw/PCIInfo.cpp:180:11: warning: 'kIOMasterPortDefault' is deprecated: first deprecated in macOS 12.0 [-Wdeprecated-declarations]
  180 |           kIOMasterPortDefault, IOServiceMatching("IOPCIDevice"), &iter) ==
      |           ^~~~~~~~~~~~~~~~~~~~
      |           kIOMainPortDefault
/Library/Developer/CommandLineTools/SDKs/MacOSX.sdk/System/Library/Frameworks/IOKit.framework/Headers/IOKitLib.h:133:19: note: 'kIOMasterPortDefault' has been explicitly marked deprecated here
  133 | const mach_port_t kIOMasterPortDefault
      |                   ^
clang++ -o build/cbang/js/BakedCallback.o -c -faligned-new -std=c++17 -fsigned-char -g3 -Wall -fno-inline -fno-omit-frame-pointer -Og -fPIC -DDEBUG -D_REENTRANT -D__APPLE__ -DCBANG_DEBUG_LEVEL=1 -DUSING_CBANG -I/opt/homebrew/opt/openssl@3/include -Iinclude -Isrc -Isrc/boost src/cbang/js/BakedCallback.cpp
1 warning generated.
clang++ -o build/cbang/js/Callback.o -c -faligned-new -std=c++17 -fsigned-char -g3 -Wall -fno-inline -fno-omit-frame-pointer -Og -fPIC -DDEBUG -D_REENTRANT -D__APPLE__ -DCBANG_DEBUG_LEVEL=1 -DUSING_CBANG -I/opt/homebrew/opt/openssl@3/include -Iinclude -Isrc -Isrc/boost src/cbang/js/Callback.cpp
clang++ -o build/cbang/js/ConsoleModule.o -c -faligned-new -std=c++17 -fsigned-char -g3 -Wall -fno-inline -fno-omit-frame-pointer -Og -fPIC -DDEBUG -D_REENTRANT -D__APPLE__ -DCBANG_DEBUG_LEVEL=1 -DUSING_CBANG -I/opt/homebrew/opt/openssl@3/include -Iinclude -Isrc -Isrc/boost src/cbang/js/ConsoleModule.cpp
clang++ -o build/cbang/js/Function.o -c -faligned-new -std=c++17 -fsigned-char -g3 -Wall -fno-inline -fno-omit-frame-pointer -Og -fPIC -DDEBUG -D_REENTRANT -D__APPLE__ -DCBANG_DEBUG_LEVEL=1 -DUSING_CBANG -I/opt/homebrew/opt/openssl@3/include -Iinclude -Isrc -Isrc/boost src/cbang/js/Function.cpp
clang++ -o build/cbang/js/Javascript.o -c -faligned-new -std=c++17 -fsigned-char -g3 -Wall -fno-inline -fno-omit-frame-pointer -Og -fPIC -DDEBUG -D_REENTRANT -D__APPLE__ -DCBANG_DEBUG_LEVEL=1 -DUSING_CBANG -I/opt/homebrew/opt/openssl@3/include -Iinclude -Isrc -Isrc/boost src/cbang/js/Javascript.cpp
clang++ -o build/cbang/js/PathResolver.o -c -faligned-new -std=c++17 -fsigned-char -g3 -Wall -fno-inline -fno-omit-frame-pointer -Og -fPIC -DDEBUG -D_REENTRANT -D__APPLE__ -DCBANG_DEBUG_LEVEL=1 -DUSING_CBANG -I/opt/homebrew/opt/openssl@3/include -Iinclude -Isrc -Isrc/boost src/cbang/js/PathResolver.cpp
clang++ -o build/cbang/js/Signature.o -c -faligned-new -std=c++17 -fsigned-char -g3 -Wall -fno-inline -fno-omit-frame-pointer -Og -fPIC -DDEBUG -D_REENTRANT -D__APPLE__ -DCBANG_DEBUG_LEVEL=1 -DUSING_CBANG -I/opt/homebrew/opt/openssl@3/include -Iinclude -Isrc -Isrc/boost src/cbang/js/Signature.cpp
clang++ -o build/cbang/js/Sink.o -c -faligned-new -std=c++17 -fsigned-char -g3 -Wall -fno-inline -fno-omit-frame-pointer -Og -fPIC -DDEBUG -D_REENTRANT -D__APPLE__ -DCBANG_DEBUG_LEVEL=1 -DUSING_CBANG -I/opt/homebrew/opt/openssl@3/include -Iinclude -Isrc -Isrc/boost src/cbang/js/Sink.cpp
clang++ -o build/cbang/js/StdModule.o -c -faligned-new -std=c++17 -fsigned-char -g3 -Wall -fno-inline -fno-omit-frame-pointer -Og -fPIC -DDEBUG -D_REENTRANT -D__APPLE__ -DCBANG_DEBUG_LEVEL=1 -DUSING_CBANG -I/opt/homebrew/opt/openssl@3/include -Iinclude -Isrc -Isrc/boost src/cbang/js/StdModule.cpp
clang++ -o build/cbang/js/Value.o -c -faligned-new -std=c++17 -fsigned-char -g3 -Wall -fno-inline -fno-omit-frame-pointer -Og -fPIC -DDEBUG -D_REENTRANT -D__APPLE__ -DCBANG_DEBUG_LEVEL=1 -DUSING_CBANG -I/opt/homebrew/opt/openssl@3/include -Iinclude -Isrc -Isrc/boost src/cbang/js/Value.cpp
clang++ -o build/cbang/json/Builder.o -c -faligned-new -std=c++17 -fsigned-char -g3 -Wall -fno-inline -fno-omit-frame-pointer -Og -fPIC -DDEBUG -D_REENTRANT -D__APPLE__ -DCBANG_DEBUG_LEVEL=1 -DUSING_CBANG -I/opt/homebrew/opt/openssl@3/include -Iinclude -Isrc -Isrc/boost src/cbang/json/Builder.cpp
clang++ -o build/cbang/json/Dict.o -c -faligned-new -std=c++17 -fsigned-char -g3 -Wall -fno-inline -fno-omit-frame-pointer -Og -fPIC -DDEBUG -D_REENTRANT -D__APPLE__ -DCBANG_DEBUG_LEVEL=1 -DUSING_CBANG -I/opt/homebrew/opt/openssl@3/include -Iinclude -Isrc -Isrc/boost src/cbang/json/Dict.cpp
clang++ -o build/cbang/json/DictIterator.o -c -faligned-new -std=c++17 -fsigned-char -g3 -Wall -fno-inline -fno-omit-frame-pointer -Og -fPIC -DDEBUG -D_REENTRANT -D__APPLE__ -DCBANG_DEBUG_LEVEL=1 -DUSING_CBANG -I/opt/homebrew/opt/openssl@3/include -Iinclude -Isrc -Isrc/boost src/cbang/json/DictIterator.cpp
clang++ -o build/cbang/json/Factory.o -c -faligned-new -std=c++17 -fsigned-char -g3 -Wall -fno-inline -fno-omit-frame-pointer -Og -fPIC -DDEBUG -D_REENTRANT -D__APPLE__ -DCBANG_DEBUG_LEVEL=1 -DUSING_CBANG -I/opt/homebrew/opt/openssl@3/include -Iinclude -Isrc -Isrc/boost src/cbang/json/Factory.cpp
clang++ -o build/cbang/json/False.o -c -faligned-new -std=c++17 -fsigned-char -g3 -Wall -fno-inline -fno-omit-frame-pointer -Og -fPIC -DDEBUG -D_REENTRANT -D__APPLE__ -DCBANG_DEBUG_LEVEL=1 -DUSING_CBANG -I/opt/homebrew/opt/openssl@3/include -Iinclude -Isrc -Isrc/boost src/cbang/json/False.cpp
clang++ -o build/cbang/json/Iterator.o -c -faligned-new -std=c++17 -fsigned-char -g3 -Wall -fno-inline -fno-omit-frame-pointer -Og -fPIC -DDEBUG -D_REENTRANT -D__APPLE__ -DCBANG_DEBUG_LEVEL=1 -DUSING_CBANG -I/opt/homebrew/opt/openssl@3/include -Iinclude -Isrc -Isrc/boost src/cbang/json/Iterator.cpp
clang++ -o build/cbang/json/List.o -c -faligned-new -std=c++17 -fsigned-char -g3 -Wall -fno-inline -fno-omit-frame-pointer -Og -fPIC -DDEBUG -D_REENTRANT -D__APPLE__ -DCBANG_DEBUG_LEVEL=1 -DUSING_CBANG -I/opt/homebrew/opt/openssl@3/include -Iinclude -Isrc -Isrc/boost src/cbang/json/List.cpp
clang++ -o build/cbang/json/ListIterator.o -c -faligned-new -std=c++17 -fsigned-char -g3 -Wall -fno-inline -fno-omit-frame-pointer -Og -fPIC -DDEBUG -D_REENTRANT -D__APPLE__ -DCBANG_DEBUG_LEVEL=1 -DUSING_CBANG -I/opt/homebrew/opt/openssl@3/include -Iinclude -Isrc -Isrc/boost src/cbang/json/ListIterator.cpp
clang++ -o build/cbang/json/Null.o -c -faligned-new -std=c++17 -fsigned-char -g3 -Wall -fno-inline -fno-omit-frame-pointer -Og -fPIC -DDEBUG -D_REENTRANT -D__APPLE__ -DCBANG_DEBUG_LEVEL=1 -DUSING_CBANG -I/opt/homebrew/opt/openssl@3/include -Iinclude -Isrc -Isrc/boost src/cbang/json/Null.cpp
clang++ -o build/cbang/json/NullSink.o -c -faligned-new -std=c++17 -fsigned-char -g3 -Wall -fno-inline -fno-omit-frame-pointer -Og -fPIC -DDEBUG -D_REENTRANT -D__APPLE__ -DCBANG_DEBUG_LEVEL=1 -DUSING_CBANG -I/opt/homebrew/opt/openssl@3/include -Iinclude -Isrc -Isrc/boost src/cbang/json/NullSink.cpp
clang++ -o build/cbang/json/Observable.o -c -faligned-new -std=c++17 -fsigned-char -g3 -Wall -fno-inline -fno-omit-frame-pointer -Og -fPIC -DDEBUG -D_REENTRANT -D__APPLE__ -DCBANG_DEBUG_LEVEL=1 -DUSING_CBANG -I/opt/homebrew/opt/openssl@3/include -Iinclude -Isrc -Isrc/boost src/cbang/json/Observable.cpp
clang++ -o build/cbang/json/Path.o -c -faligned-new -std=c++17 -fsigned-char -g3 -Wall -fno-inline -fno-omit-frame-pointer -Og -fPIC -DDEBUG -D_REENTRANT -D__APPLE__ -DCBANG_DEBUG_LEVEL=1 -DUSING_CBANG -I/opt/homebrew/opt/openssl@3/include -Iinclude -Isrc -Isrc/boost src/cbang/json/Path.cpp
clang++ -o build/cbang/json/ProxySink.o -c -faligned-new -std=c++17 -fsigned-char -g3 -Wall -fno-inline -fno-omit-frame-pointer -Og -fPIC -DDEBUG -D_REENTRANT -D__APPLE__ -DCBANG_DEBUG_LEVEL=1 -DUSING_CBANG -I/opt/homebrew/opt/openssl@3/include -Iinclude -Isrc -Isrc/boost src/cbang/json/ProxySink.cpp
clang++ -o build/cbang/json/Reader.o -c -faligned-new -std=c++17 -fsigned-char -g3 -Wall -fno-inline -fno-omit-frame-pointer -Og -fPIC -DDEBUG -D_REENTRANT -D__APPLE__ -DCBANG_DEBUG_LEVEL=1 -DUSING_CBANG -I/opt/homebrew/opt/openssl@3/include -Iinclude -Isrc -Isrc/boost src/cbang/json/Reader.cpp
clang++ -o build/cbang/json/Serializable.o -c -faligned-new -std=c++17 -fsigned-char -g3 -Wall -fno-inline -fno-omit-frame-pointer -Og -fPIC -DDEBUG -D_REENTRANT -D__APPLE__ -DCBANG_DEBUG_LEVEL=1 -DUSING_CBANG -I/opt/homebrew/opt/openssl@3/include -Iinclude -Isrc -Isrc/boost src/cbang/json/Serializable.cpp
clang++ -o build/cbang/json/Sink.o -c -faligned-new -std=c++17 -fsigned-char -g3 -Wall -fno-inline -fno-omit-frame-pointer -Og -fPIC -DDEBUG -D_REENTRANT -D__APPLE__ -DCBANG_DEBUG_LEVEL=1 -DUSING_CBANG -I/opt/homebrew/opt/openssl@3/include -Iinclude -Isrc -Isrc/boost src/cbang/json/Sink.cpp
clang++ -o build/cbang/json/String.o -c -faligned-new -std=c++17 -fsigned-char -g3 -Wall -fno-inline -fno-omit-frame-pointer -Og -fPIC -DDEBUG -D_REENTRANT -D__APPLE__ -DCBANG_DEBUG_LEVEL=1 -DUSING_CBANG -I/opt/homebrew/opt/openssl@3/include -Iinclude -Isrc -Isrc/boost src/cbang/json/String.cpp
clang++ -o build/cbang/json/TeeSink.o -c -faligned-new -std=c++17 -fsigned-char -g3 -Wall -fno-inline -fno-omit-frame-pointer -Og -fPIC -DDEBUG -D_REENTRANT -D__APPLE__ -DCBANG_DEBUG_LEVEL=1 -DUSING_CBANG -I/opt/homebrew/opt/openssl@3/include -Iinclude -Isrc -Isrc/boost src/cbang/json/TeeSink.cpp
clang++ -o build/cbang/json/True.o -c -faligned-new -std=c++17 -fsigned-char -g3 -Wall -fno-inline -fno-omit-frame-pointer -Og -fPIC -DDEBUG -D_REENTRANT -D__APPLE__ -DCBANG_DEBUG_LEVEL=1 -DUSING_CBANG -I/opt/homebrew/opt/openssl@3/include -Iinclude -Isrc -Isrc/boost src/cbang/json/True.cpp
clang++ -o build/cbang/json/Undefined.o -c -faligned-new -std=c++17 -fsigned-char -g3 -Wall -fno-inline -fno-omit-frame-pointer -Og -fPIC -DDEBUG -D_REENTRANT -D__APPLE__ -DCBANG_DEBUG_LEVEL=1 -DUSING_CBANG -I/opt/homebrew/opt/openssl@3/include -Iinclude -Isrc -Isrc/boost src/cbang/json/Undefined.cpp
clang++ -o build/cbang/json/Value.o -c -faligned-new -std=c++17 -fsigned-char -g3 -Wall -fno-inline -fno-omit-frame-pointer -Og -fPIC -DDEBUG -D_REENTRANT -D__APPLE__ -DCBANG_DEBUG_LEVEL=1 -DUSING_CBANG -I/opt/homebrew/opt/openssl@3/include -Iinclude -Isrc -Isrc/boost src/cbang/json/Value.cpp
clang++ -o build/cbang/json/ValueType.o -c -faligned-new -std=c++17 -fsigned-char -g3 -Wall -fno-inline -fno-omit-frame-pointer -Og -fPIC -DDEBUG -D_REENTRANT -D__APPLE__ -DCBANG_DEBUG_LEVEL=1 -DUSING_CBANG -I/opt/homebrew/opt/openssl@3/include -Iinclude -Isrc -Isrc/boost src/cbang/json/ValueType.cpp
clang++ -o build/cbang/json/Writer.o -c -faligned-new -std=c++17 -fsigned-char -g3 -Wall -fno-inline -fno-omit-frame-pointer -Og -fPIC -DDEBUG -D_REENTRANT -D__APPLE__ -DCBANG_DEBUG_LEVEL=1 -DUSING_CBANG -I/opt/homebrew/opt/openssl@3/include -Iinclude -Isrc -Isrc/boost src/cbang/json/Writer.cpp
clang++ -o build/cbang/json/YAMLMergeSink.o -c -faligned-new -std=c++17 -fsigned-char -g3 -Wall -fno-inline -fno-omit-frame-pointer -Og -fPIC -DDEBUG -D_REENTRANT -D__APPLE__ -DCBANG_DEBUG_LEVEL=1 -DUSING_CBANG -I/opt/homebrew/opt/openssl@3/include -Iinclude -Isrc -Isrc/boost src/cbang/json/YAMLMergeSink.cpp
clang++ -o build/cbang/json/YAMLReader.o -c -faligned-new -std=c++17 -fsigned-char -g3 -Wall -fno-inline -fno-omit-frame-pointer -Og -fPIC -DDEBUG -D_REENTRANT -D__APPLE__ -DCBANG_DEBUG_LEVEL=1 -DUSING_CBANG -I/opt/homebrew/opt/openssl@3/include -Iinclude -Isrc -Isrc/boost src/cbang/json/YAMLReader.cpp
clang++ -o build/cbang/log/LogLineBuffer.o -c -faligned-new -std=c++17 -fsigned-char -g3 -Wall -fno-inline -fno-omit-frame-pointer -Og -fPIC -DDEBUG -D_REENTRANT -D__APPLE__ -DCBANG_DEBUG_LEVEL=1 -DUSING_CBANG -I/opt/homebrew/opt/openssl@3/include -Iinclude -Isrc -Isrc/boost src/cbang/log/LogLineBuffer.cpp
clang++ -o build/cbang/log/LogLineListener.o -c -faligned-new -std=c++17 -fsigned-char -g3 -Wall -fno-inline -fno-omit-frame-pointer -Og -fPIC -DDEBUG -D_REENTRANT -D__APPLE__ -DCBANG_DEBUG_LEVEL=1 -DUSING_CBANG -I/opt/homebrew/opt/openssl@3/include -Iinclude -Isrc -Isrc/boost src/cbang/log/LogLineListener.cpp
clang++ -o build/cbang/log/LogStream.o -c -faligned-new -std=c++17 -fsigned-char -g3 -Wall -fno-inline -fno-omit-frame-pointer -Og -fPIC -DDEBUG -D_REENTRANT -D__APPLE__ -DCBANG_DEBUG_LEVEL=1 -DUSING_CBANG -I/opt/homebrew/opt/openssl@3/include -Iinclude -Isrc -Isrc/boost src/cbang/log/LogStream.cpp
clang++ -o build/cbang/log/Logger.o -c -faligned-new -std=c++17 -fsigned-char -g3 -Wall -fno-inline -fno-omit-frame-pointer -Og -fPIC -DDEBUG -D_REENTRANT -D__APPLE__ -DCBANG_DEBUG_LEVEL=1 -DUSING_CBANG -I/opt/homebrew/opt/openssl@3/include -Iinclude -Isrc -Isrc/boost src/cbang/log/Logger.cpp
clang++ -o build/cbang/log/TailFileToLog.o -c -faligned-new -std=c++17 -fsigned-char -g3 -Wall -fno-inline -fno-omit-frame-pointer -Og -fPIC -DDEBUG -D_REENTRANT -D__APPLE__ -DCBANG_DEBUG_LEVEL=1 -DUSING_CBANG -I/opt/homebrew/opt/openssl@3/include -Iinclude -Isrc -Isrc/boost src/cbang/log/TailFileToLog.cpp
clang++ -o build/cbang/net/AddressFilter.o -c -faligned-new -std=c++17 -fsigned-char -g3 -Wall -fno-inline -fno-omit-frame-pointer -Og -fPIC -DDEBUG -D_REENTRANT -D__APPLE__ -DCBANG_DEBUG_LEVEL=1 -DUSING_CBANG -I/opt/homebrew/opt/openssl@3/include -Iinclude -Isrc -Isrc/boost src/cbang/net/AddressFilter.cpp
clang++ -o build/cbang/net/AddressRange.o -c -faligned-new -std=c++17 -fsigned-char -g3 -Wall -fno-inline -fno-omit-frame-pointer -Og -fPIC -DDEBUG -D_REENTRANT -D__APPLE__ -DCBANG_DEBUG_LEVEL=1 -DUSING_CBANG -I/opt/homebrew/opt/openssl@3/include -Iinclude -Isrc -Isrc/boost src/cbang/net/AddressRange.cpp
clang++ -o build/cbang/net/AddressRangeSet.o -c -faligned-new -std=c++17 -fsigned-char -g3 -Wall -fno-inline -fno-omit-frame-pointer -Og -fPIC -DDEBUG -D_REENTRANT -D__APPLE__ -DCBANG_DEBUG_LEVEL=1 -DUSING_CBANG -I/opt/homebrew/opt/openssl@3/include -Iinclude -Isrc -Isrc/boost src/cbang/net/AddressRangeSet.cpp
clang++ -o build/cbang/net/Base64.o -c -faligned-new -std=c++17 -fsigned-char -g3 -Wall -fno-inline -fno-omit-frame-pointer -Og -fPIC -DDEBUG -D_REENTRANT -D__APPLE__ -DCBANG_DEBUG_LEVEL=1 -DUSING_CBANG -I/opt/homebrew/opt/openssl@3/include -Iinclude -Isrc -Isrc/boost src/cbang/net/Base64.cpp
clang++ -o build/cbang/net/SockAddr.o -c -faligned-new -std=c++17 -fsigned-char -g3 -Wall -fno-inline -fno-omit-frame-pointer -Og -fPIC -DDEBUG -D_REENTRANT -D__APPLE__ -DCBANG_DEBUG_LEVEL=1 -DUSING_CBANG -I/opt/homebrew/opt/openssl@3/include -Iinclude -Isrc -Isrc/boost src/cbang/net/SockAddr.cpp
clang++ -o build/cbang/net/Socket.o -c -faligned-new -std=c++17 -fsigned-char -g3 -Wall -fno-inline -fno-omit-frame-pointer -Og -fPIC -DDEBUG -D_REENTRANT -D__APPLE__ -DCBANG_DEBUG_LEVEL=1 -DUSING_CBANG -I/opt/homebrew/opt/openssl@3/include -Iinclude -Isrc -Isrc/boost src/cbang/net/Socket.cpp
clang++ -o build/cbang/net/SocketSet.o -c -faligned-new -std=c++17 -fsigned-char -g3 -Wall -fno-inline -fno-omit-frame-pointer -Og -fPIC -DDEBUG -D_REENTRANT -D__APPLE__ -DCBANG_DEBUG_LEVEL=1 -DUSING_CBANG -I/opt/homebrew/opt/openssl@3/include -Iinclude -Isrc -Isrc/boost src/cbang/net/SocketSet.cpp
clang++ -o build/cbang/net/URI.o -c -faligned-new -std=c++17 -fsigned-char -g3 -Wall -fno-inline -fno-omit-frame-pointer -Og -fPIC -DDEBUG -D_REENTRANT -D__APPLE__ -DCBANG_DEBUG_LEVEL=1 -DUSING_CBANG -I/opt/homebrew/opt/openssl@3/include -Iinclude -Isrc -Isrc/boost src/cbang/net/URI.cpp
clang++ -o build/cbang/os/Directory.o -c -faligned-new -std=c++17 -fsigned-char -g3 -Wall -fno-inline -fno-omit-frame-pointer -Og -fPIC -DDEBUG -D_REENTRANT -D__APPLE__ -DCBANG_DEBUG_LEVEL=1 -DUSING_CBANG -I/opt/homebrew/opt/openssl@3/include -Iinclude -Isrc -Isrc/boost src/cbang/os/Directory.cpp
clang++ -o build/cbang/os/DirectoryWalker.o -c -faligned-new -std=c++17 -fsigned-char -g3 -Wall -fno-inline -fno-omit-frame-pointer -Og -fPIC -DDEBUG -D_REENTRANT -D__APPLE__ -DCBANG_DEBUG_LEVEL=1 -DUSING_CBANG -I/opt/homebrew/opt/openssl@3/include -Iinclude -Isrc -Isrc/boost src/cbang/os/DirectoryWalker.cpp
clang++ -o build/cbang/os/DynamicLibrary.o -c -faligned-new -std=c++17 -fsigned-char -g3 -Wall -fno-inline -fno-omit-frame-pointer -Og -fPIC -DDEBUG -D_REENTRANT -D__APPLE__ -DCBANG_DEBUG_LEVEL=1 -DUSING_CBANG -I/opt/homebrew/opt/openssl@3/include -Iinclude -Isrc -Isrc/boost src/cbang/os/DynamicLibrary.cpp
clang++ -o build/cbang/os/ExitSignalHandler.o -c -faligned-new -std=c++17 -fsigned-char -g3 -Wall -fno-inline -fno-omit-frame-pointer -Og -fPIC -DDEBUG -D_REENTRANT -D__APPLE__ -DCBANG_DEBUG_LEVEL=1 -DUSING_CBANG -I/opt/homebrew/opt/openssl@3/include -Iinclude -Isrc -Isrc/boost src/cbang/os/ExitSignalHandler.cpp
clang++ -o build/cbang/os/Glob.o -c -faligned-new -std=c++17 -fsigned-char -g3 -Wall -fno-inline -fno-omit-frame-pointer -Og -fPIC -DDEBUG -D_REENTRANT -D__APPLE__ -DCBANG_DEBUG_LEVEL=1 -DUSING_CBANG -I/opt/homebrew/opt/openssl@3/include -Iinclude -Isrc -Isrc/boost src/cbang/os/Glob.cpp
clang++ -o build/cbang/os/Pipe.o -c -faligned-new -std=c++17 -fsigned-char -g3 -Wall -fno-inline -fno-omit-frame-pointer -Og -fPIC -DDEBUG -D_REENTRANT -D__APPLE__ -DCBANG_DEBUG_LEVEL=1 -DUSING_CBANG -I/opt/homebrew/opt/openssl@3/include -Iinclude -Isrc -Isrc/boost src/cbang/os/Pipe.cpp
clang++ -o build/cbang/os/PowerManagement.o -c -faligned-new -std=c++17 -fsigned-char -g3 -Wall -fno-inline -fno-omit-frame-pointer -Og -fPIC -DDEBUG -D_REENTRANT -D__APPLE__ -DCBANG_DEBUG_LEVEL=1 -DUSING_CBANG -I/opt/homebrew/opt/openssl@3/include -Iinclude -Isrc -Isrc/boost src/cbang/os/PowerManagement.cpp
clang++ -o build/cbang/os/ProcessLock.o -c -faligned-new -std=c++17 -fsigned-char -g3 -Wall -fno-inline -fno-omit-frame-pointer -Og -fPIC -DDEBUG -D_REENTRANT -D__APPLE__ -DCBANG_DEBUG_LEVEL=1 -DUSING_CBANG -I/opt/homebrew/opt/openssl@3/include -Iinclude -Isrc -Isrc/boost src/cbang/os/ProcessLock.cpp
clang++ -o build/cbang/os/ProcessPriority.o -c -faligned-new -std=c++17 -fsigned-char -g3 -Wall -fno-inline -fno-omit-frame-pointer -Og -fPIC -DDEBUG -D_REENTRANT -D__APPLE__ -DCBANG_DEBUG_LEVEL=1 -DUSING_CBANG -I/opt/homebrew/opt/openssl@3/include -Iinclude -Isrc -Isrc/boost src/cbang/os/ProcessPriority.cpp
clang++ -o build/cbang/os/SignalManager.o -c -faligned-new -std=c++17 -fsigned-char -g3 -Wall -fno-inline -fno-omit-frame-pointer -Og -fPIC -DDEBUG -D_REENTRANT -D__APPLE__ -DCBANG_DEBUG_LEVEL=1 -DUSING_CBANG -I/opt/homebrew/opt/openssl@3/include -Iinclude -Isrc -Isrc/boost src/cbang/os/SignalManager.cpp
clang++ -o build/cbang/os/Subprocess.o -c -faligned-new -std=c++17 -fsigned-char -g3 -Wall -fno-inline -fno-omit-frame-pointer -Og -fPIC -DDEBUG -D_REENTRANT -D__APPLE__ -DCBANG_DEBUG_LEVEL=1 -DUSING_CBANG -I/opt/homebrew/opt/openssl@3/include -Iinclude -Isrc -Isrc/boost src/cbang/os/Subprocess.cpp
clang++ -o build/cbang/os/SysError.o -c -faligned-new -std=c++17 -fsigned-char -g3 -Wall -fno-inline -fno-omit-frame-pointer -Og -fPIC -DDEBUG -D_REENTRANT -D__APPLE__ -DCBANG_DEBUG_LEVEL=1 -DUSING_CBANG -I/opt/homebrew/opt/openssl@3/include -Iinclude -Isrc -Isrc/boost src/cbang/os/SysError.cpp
clang++ -o build/cbang/os/SystemInfo.o -c -faligned-new -std=c++17 -fsigned-char -g3 -Wall -fno-inline -fno-omit-frame-pointer -Og -fPIC -DDEBUG -D_REENTRANT -D__APPLE__ -DCBANG_DEBUG_LEVEL=1 -DUSING_CBANG -I/opt/homebrew/opt/openssl@3/include -Iinclude -Isrc -Isrc/boost src/cbang/os/SystemInfo.cpp
clang++ -o build/cbang/os/SystemUtilities.o -c -faligned-new -std=c++17 -fsigned-char -g3 -Wall -fno-inline -fno-omit-frame-pointer -Og -fPIC -DDEBUG -D_REENTRANT -D__APPLE__ -DCBANG_DEBUG_LEVEL=1 -DUSING_CBANG -I/opt/homebrew/opt/openssl@3/include -Iinclude -Isrc -Isrc/boost src/cbang/os/SystemUtilities.cpp
clang++ -o build/cbang/os/TemporaryDirectory.o -c -faligned-new -std=c++17 -fsigned-char -g3 -Wall -fno-inline -fno-omit-frame-pointer -Og -fPIC -DDEBUG -D_REENTRANT -D__APPLE__ -DCBANG_DEBUG_LEVEL=1 -DUSING_CBANG -I/opt/homebrew/opt/openssl@3/include -Iinclude -Isrc -Isrc/boost src/cbang/os/TemporaryDirectory.cpp
clang++ -o build/cbang/parse/Parser.o -c -faligned-new -std=c++17 -fsigned-char -g3 -Wall -fno-inline -fno-omit-frame-pointer -Og -fPIC -DDEBUG -D_REENTRANT -D__APPLE__ -DCBANG_DEBUG_LEVEL=1 -DUSING_CBANG -I/opt/homebrew/opt/openssl@3/include -Iinclude -Isrc -Isrc/boost src/cbang/parse/Parser.cpp
clang++ -o build/cbang/parse/Scanner.o -c -faligned-new -std=c++17 -fsigned-char -g3 -Wall -fno-inline -fno-omit-frame-pointer -Og -fPIC -DDEBUG -D_REENTRANT -D__APPLE__ -DCBANG_DEBUG_LEVEL=1 -DUSING_CBANG -I/opt/homebrew/opt/openssl@3/include -Iinclude -Isrc -Isrc/boost src/cbang/parse/Scanner.cpp
clang++ -o build/cbang/thread/Condition.o -c -faligned-new -std=c++17 -fsigned-char -g3 -Wall -fno-inline -fno-omit-frame-pointer -Og -fPIC -DDEBUG -D_REENTRANT -D__APPLE__ -DCBANG_DEBUG_LEVEL=1 -DUSING_CBANG -I/opt/homebrew/opt/openssl@3/include -Iinclude -Isrc -Isrc/boost src/cbang/thread/Condition.cpp
clang++ -o build/cbang/thread/Mutex.o -c -faligned-new -std=c++17 -fsigned-char -g3 -Wall -fno-inline -fno-omit-frame-pointer -Og -fPIC -DDEBUG -D_REENTRANT -D__APPLE__ -DCBANG_DEBUG_LEVEL=1 -DUSING_CBANG -I/opt/homebrew/opt/openssl@3/include -Iinclude -Isrc -Isrc/boost src/cbang/thread/Mutex.cpp
clang++ -o build/cbang/thread/RWLock.o -c -faligned-new -std=c++17 -fsigned-char -g3 -Wall -fno-inline -fno-omit-frame-pointer -Og -fPIC -DDEBUG -D_REENTRANT -D__APPLE__ -DCBANG_DEBUG_LEVEL=1 -DUSING_CBANG -I/opt/homebrew/opt/openssl@3/include -Iinclude -Isrc -Isrc/boost src/cbang/thread/RWLock.cpp
clang++ -o build/cbang/thread/Semaphore.o -c -faligned-new -std=c++17 -fsigned-char -g3 -Wall -fno-inline -fno-omit-frame-pointer -Og -fPIC -DDEBUG -D_REENTRANT -D__APPLE__ -DCBANG_DEBUG_LEVEL=1 -DUSING_CBANG -I/opt/homebrew/opt/openssl@3/include -Iinclude -Isrc -Isrc/boost src/cbang/thread/Semaphore.cpp
clang++ -o build/cbang/thread/Thread.o -c -faligned-new -std=c++17 -fsigned-char -g3 -Wall -fno-inline -fno-omit-frame-pointer -Og -fPIC -DDEBUG -D_REENTRANT -D__APPLE__ -DCBANG_DEBUG_LEVEL=1 -DUSING_CBANG -I/opt/homebrew/opt/openssl@3/include -Iinclude -Isrc -Isrc/boost src/cbang/thread/Thread.cpp
clang++ -o build/cbang/thread/ThreadPool.o -c -faligned-new -std=c++17 -fsigned-char -g3 -Wall -fno-inline -fno-omit-frame-pointer -Og -fPIC -DDEBUG -D_REENTRANT -D__APPLE__ -DCBANG_DEBUG_LEVEL=1 -DUSING_CBANG -I/opt/homebrew/opt/openssl@3/include -Iinclude -Isrc -Isrc/boost src/cbang/thread/ThreadPool.cpp
clang++ -o build/cbang/time/HumanDuration.o -c -faligned-new -std=c++17 -fsigned-char -g3 -Wall -fno-inline -fno-omit-frame-pointer -Og -fPIC -DDEBUG -D_REENTRANT -D__APPLE__ -DCBANG_DEBUG_LEVEL=1 -DUSING_CBANG -I/opt/homebrew/opt/openssl@3/include -Iinclude -Isrc -Isrc/boost src/cbang/time/HumanDuration.cpp
clang++ -o build/cbang/time/Time.o -c -faligned-new -std=c++17 -fsigned-char -g3 -Wall -fno-inline -fno-omit-frame-pointer -Og -fPIC -DDEBUG -D_REENTRANT -D__APPLE__ -DCBANG_DEBUG_LEVEL=1 -DUSING_CBANG -I/opt/homebrew/opt/openssl@3/include -Iinclude -Isrc -Isrc/boost src/cbang/time/Time.cpp
clang++ -o build/cbang/time/TimeInterval.o -c -faligned-new -std=c++17 -fsigned-char -g3 -Wall -fno-inline -fno-omit-frame-pointer -Og -fPIC -DDEBUG -D_REENTRANT -D__APPLE__ -DCBANG_DEBUG_LEVEL=1 -DUSING_CBANG -I/opt/homebrew/opt/openssl@3/include -Iinclude -Isrc -Isrc/boost src/cbang/time/TimeInterval.cpp
clang++ -o build/cbang/time/Timer.o -c -faligned-new -std=c++17 -fsigned-char -g3 -Wall -fno-inline -fno-omit-frame-pointer -Og -fPIC -DDEBUG -D_REENTRANT -D__APPLE__ -DCBANG_DEBUG_LEVEL=1 -DUSING_CBANG -I/opt/homebrew/opt/openssl@3/include -Iinclude -Isrc -Isrc/boost src/cbang/time/Timer.cpp
clang++ -o build/cbang/util/ACLSet.o -c -faligned-new -std=c++17 -fsigned-char -g3 -Wall -fno-inline -fno-omit-frame-pointer -Og -fPIC -DDEBUG -D_REENTRANT -D__APPLE__ -DCBANG_DEBUG_LEVEL=1 -DUSING_CBANG -I/opt/homebrew/opt/openssl@3/include -Iinclude -Isrc -Isrc/boost src/cbang/util/ACLSet.cpp
clang++ -o build/cbang/util/BIP39Words.o -c -faligned-new -std=c++17 -fsigned-char -g3 -Wall -fno-inline -fno-omit-frame-pointer -Og -fPIC -DDEBUG -D_REENTRANT -D__APPLE__ -DCBANG_DEBUG_LEVEL=1 -DUSING_CBANG -I/opt/homebrew/opt/openssl@3/include -Iinclude -Isrc -Isrc/boost src/cbang/util/BIP39Words.cpp
clang++ -o build/cbang/util/HumanNumber.o -c -faligned-new -std=c++17 -fsigned-char -g3 -Wall -fno-inline -fno-omit-frame-pointer -Og -fPIC -DDEBUG -D_REENTRANT -D__APPLE__ -DCBANG_DEBUG_LEVEL=1 -DUSING_CBANG -I/opt/homebrew/opt/openssl@3/include -Iinclude -Isrc -Isrc/boost src/cbang/util/HumanNumber.cpp
clang++ -o build/cbang/util/HumanSize.o -c -faligned-new -std=c++17 -fsigned-char -g3 -Wall -fno-inline -fno-omit-frame-pointer -Og -fPIC -DDEBUG -D_REENTRANT -D__APPLE__ -DCBANG_DEBUG_LEVEL=1 -DUSING_CBANG -I/opt/homebrew/opt/openssl@3/include -Iinclude -Isrc -Isrc/boost src/cbang/util/HumanSize.cpp
clang++ -o build/cbang/util/LineBuffer.o -c -faligned-new -std=c++17 -fsigned-char -g3 -Wall -fno-inline -fno-omit-frame-pointer -Og -fPIC -DDEBUG -D_REENTRANT -D__APPLE__ -DCBANG_DEBUG_LEVEL=1 -DUSING_CBANG -I/opt/homebrew/opt/openssl@3/include -Iinclude -Isrc -Isrc/boost src/cbang/util/LineBuffer.cpp
clang++ -o build/cbang/util/Progress.o -c -faligned-new -std=c++17 -fsigned-char -g3 -Wall -fno-inline -fno-omit-frame-pointer -Og -fPIC -DDEBUG -D_REENTRANT -D__APPLE__ -DCBANG_DEBUG_LEVEL=1 -DUSING_CBANG -I/opt/homebrew/opt/openssl@3/include -Iinclude -Isrc -Isrc/boost src/cbang/util/Progress.cpp
clang++ -o build/cbang/util/Random.o -c -faligned-new -std=c++17 -fsigned-char -g3 -Wall -fno-inline -fno-omit-frame-pointer -Og -fPIC -DDEBUG -D_REENTRANT -D__APPLE__ -DCBANG_DEBUG_LEVEL=1 -DUSING_CBANG -I/opt/homebrew/opt/openssl@3/include -Iinclude -Isrc -Isrc/boost src/cbang/util/Random.cpp
clang++ -o build/cbang/util/Rate.o -c -faligned-new -std=c++17 -fsigned-char -g3 -Wall -fno-inline -fno-omit-frame-pointer -Og -fPIC -DDEBUG -D_REENTRANT -D__APPLE__ -DCBANG_DEBUG_LEVEL=1 -DUSING_CBANG -I/opt/homebrew/opt/openssl@3/include -Iinclude -Isrc -Isrc/boost src/cbang/util/Rate.cpp
clang++ -o build/cbang/util/RateSet.o -c -faligned-new -std=c++17 -fsigned-char -g3 -Wall -fno-inline -fno-omit-frame-pointer -Og -fPIC -DDEBUG -D_REENTRANT -D__APPLE__ -DCBANG_DEBUG_LEVEL=1 -DUSING_CBANG -I/opt/homebrew/opt/openssl@3/include -Iinclude -Isrc -Isrc/boost src/cbang/util/RateSet.cpp
clang++ -o build/cbang/util/Regex.o -c -faligned-new -std=c++17 -fsigned-char -g3 -Wall -fno-inline -fno-omit-frame-pointer -Og -fPIC -DDEBUG -D_REENTRANT -D__APPLE__ -DCBANG_DEBUG_LEVEL=1 -DUSING_CBANG -I/opt/homebrew/opt/openssl@3/include -Iinclude -Isrc -Isrc/boost src/cbang/util/Regex.cpp
clang++ -o build/cbang/util/Resource.o -c -faligned-new -std=c++17 -fsigned-char -g3 -Wall -fno-inline -fno-omit-frame-pointer -Og -fPIC -DDEBUG -D_REENTRANT -D__APPLE__ -DCBANG_DEBUG_LEVEL=1 -DUSING_CBANG -I/opt/homebrew/opt/openssl@3/include -Iinclude -Isrc -Isrc/boost src/cbang/util/Resource.cpp
clang++ -o build/cbang/util/ResourceManager.o -c -faligned-new -std=c++17 -fsigned-char -g3 -Wall -fno-inline -fno-omit-frame-pointer -Og -fPIC -DDEBUG -D_REENTRANT -D__APPLE__ -DCBANG_DEBUG_LEVEL=1 -DUSING_CBANG -I/opt/homebrew/opt/openssl@3/include -Iinclude -Isrc -Isrc/boost src/cbang/util/ResourceManager.cpp
clang++ -o build/cbang/util/Singleton.o -c -faligned-new -std=c++17 -fsigned-char -g3 -Wall -fno-inline -fno-omit-frame-pointer -Og -fPIC -DDEBUG -D_REENTRANT -D__APPLE__ -DCBANG_DEBUG_LEVEL=1 -DUSING_CBANG -I/opt/homebrew/opt/openssl@3/include -Iinclude -Isrc -Isrc/boost src/cbang/util/Singleton.cpp
clang++ -o build/cbang/util/UUID.o -c -faligned-new -std=c++17 -fsigned-char -g3 -Wall -fno-inline -fno-omit-frame-pointer -Og -fPIC -DDEBUG -D_REENTRANT -D__APPLE__ -DCBANG_DEBUG_LEVEL=1 -DUSING_CBANG -I/opt/homebrew/opt/openssl@3/include -Iinclude -Isrc -Isrc/boost src/cbang/util/UUID.cpp
clang++ -o build/cbang/util/Variant.o -c -faligned-new -std=c++17 -fsigned-char -g3 -Wall -fno-inline -fno-omit-frame-pointer -Og -fPIC -DDEBUG -D_REENTRANT -D__APPLE__ -DCBANG_DEBUG_LEVEL=1 -DUSING_CBANG -I/opt/homebrew/opt/openssl@3/include -Iinclude -Isrc -Isrc/boost src/cbang/util/Variant.cpp
clang++ -o build/cbang/ws/JSONWebsocket.o -c -faligned-new -std=c++17 -fsigned-char -g3 -Wall -fno-inline -fno-omit-frame-pointer -Og -fPIC -DDEBUG -D_REENTRANT -D__APPLE__ -DCBANG_DEBUG_LEVEL=1 -DUSING_CBANG -I/opt/homebrew/opt/openssl@3/include -Iinclude -Isrc -Isrc/boost src/cbang/ws/JSONWebsocket.cpp
clang++ -o build/cbang/ws/OpCode.o -c -faligned-new -std=c++17 -fsigned-char -g3 -Wall -fno-inline -fno-omit-frame-pointer -Og -fPIC -DDEBUG -D_REENTRANT -D__APPLE__ -DCBANG_DEBUG_LEVEL=1 -DUSING_CBANG -I/opt/homebrew/opt/openssl@3/include -Iinclude -Isrc -Isrc/boost src/cbang/ws/OpCode.cpp
clang++ -o build/cbang/ws/Status.o -c -faligned-new -std=c++17 -fsigned-char -g3 -Wall -fno-inline -fno-omit-frame-pointer -Og -fPIC -DDEBUG -D_REENTRANT -D__APPLE__ -DCBANG_DEBUG_LEVEL=1 -DUSING_CBANG -I/opt/homebrew/opt/openssl@3/include -Iinclude -Isrc -Isrc/boost src/cbang/ws/Status.cpp
clang++ -o build/cbang/ws/Websocket.o -c -faligned-new -std=c++17 -fsigned-char -g3 -Wall -fno-inline -fno-omit-frame-pointer -Og -fPIC -DDEBUG -D_REENTRANT -D__APPLE__ -DCBANG_DEBUG_LEVEL=1 -DUSING_CBANG -I/opt/homebrew/opt/openssl@3/include -Iinclude -Isrc -Isrc/boost src/cbang/ws/Websocket.cpp
clang++ -o build/cbang/xml/Adapter.o -c -faligned-new -std=c++17 -fsigned-char -g3 -Wall -fno-inline -fno-omit-frame-pointer -Og -fPIC -DDEBUG -D_REENTRANT -D__APPLE__ -DCBANG_DEBUG_LEVEL=1 -DUSING_CBANG -I/opt/homebrew/opt/openssl@3/include -Iinclude -Isrc -Isrc/boost src/cbang/xml/Adapter.cpp
clang++ -o build/cbang/xml/Attributes.o -c -faligned-new -std=c++17 -fsigned-char -g3 -Wall -fno-inline -fno-omit-frame-pointer -Og -fPIC -DDEBUG -D_REENTRANT -D__APPLE__ -DCBANG_DEBUG_LEVEL=1 -DUSING_CBANG -I/opt/homebrew/opt/openssl@3/include -Iinclude -Isrc -Isrc/boost src/cbang/xml/Attributes.cpp
clang++ -o build/cbang/xml/ExpatAdapter.o -c -faligned-new -std=c++17 -fsigned-char -g3 -Wall -fno-inline -fno-omit-frame-pointer -Og -fPIC -DDEBUG -D_REENTRANT -D__APPLE__ -DCBANG_DEBUG_LEVEL=1 -DUSING_CBANG -I/opt/homebrew/opt/openssl@3/include -Iinclude -Isrc -Isrc/boost src/cbang/xml/ExpatAdapter.cpp
clang++ -o build/cbang/xml/FileTracker.o -c -faligned-new -std=c++17 -fsigned-char -g3 -Wall -fno-inline -fno-omit-frame-pointer -Og -fPIC -DDEBUG -D_REENTRANT -D__APPLE__ -DCBANG_DEBUG_LEVEL=1 -DUSING_CBANG -I/opt/homebrew/opt/openssl@3/include -Iinclude -Isrc -Isrc/boost src/cbang/xml/FileTracker.cpp
clang++ -o build/cbang/xml/HandlerContext.o -c -faligned-new -std=c++17 -fsigned-char -g3 -Wall -fno-inline -fno-omit-frame-pointer -Og -fPIC -DDEBUG -D_REENTRANT -D__APPLE__ -DCBANG_DEBUG_LEVEL=1 -DUSING_CBANG -I/opt/homebrew/opt/openssl@3/include -Iinclude -Isrc -Isrc/boost src/cbang/xml/HandlerContext.cpp
clang++ -o build/cbang/xml/Processor.o -c -faligned-new -std=c++17 -fsigned-char -g3 -Wall -fno-inline -fno-omit-frame-pointer -Og -fPIC -DDEBUG -D_REENTRANT -D__APPLE__ -DCBANG_DEBUG_LEVEL=1 -DUSING_CBANG -I/opt/homebrew/opt/openssl@3/include -Iinclude -Isrc -Isrc/boost src/cbang/xml/Processor.cpp
clang++ -o build/cbang/xml/Reader.o -c -faligned-new -std=c++17 -fsigned-char -g3 -Wall -fno-inline -fno-omit-frame-pointer -Og -fPIC -DDEBUG -D_REENTRANT -D__APPLE__ -DCBANG_DEBUG_LEVEL=1 -DUSING_CBANG -I/opt/homebrew/opt/openssl@3/include -Iinclude -Isrc -Isrc/boost src/cbang/xml/Reader.cpp
clang++ -o build/cbang/xml/SkipHandler.o -c -faligned-new -std=c++17 -fsigned-char -g3 -Wall -fno-inline -fno-omit-frame-pointer -Og -fPIC -DDEBUG -D_REENTRANT -D__APPLE__ -DCBANG_DEBUG_LEVEL=1 -DUSING_CBANG -I/opt/homebrew/opt/openssl@3/include -Iinclude -Isrc -Isrc/boost src/cbang/xml/SkipHandler.cpp
clang++ -o build/cbang/xml/Writer.o -c -faligned-new -std=c++17 -fsigned-char -g3 -Wall -fno-inline -fno-omit-frame-pointer -Og -fPIC -DDEBUG -D_REENTRANT -D__APPLE__ -DCBANG_DEBUG_LEVEL=1 -DUSING_CBANG -I/opt/homebrew/opt/openssl@3/include -Iinclude -Isrc -Isrc/boost src/cbang/xml/Writer.cpp
clang++ -o build/cbang/xml/XIncludeHandler.o -c -faligned-new -std=c++17 -fsigned-char -g3 -Wall -fno-inline -fno-omit-frame-pointer -Og -fPIC -DDEBUG -D_REENTRANT -D__APPLE__ -DCBANG_DEBUG_LEVEL=1 -DUSING_CBANG -I/opt/homebrew/opt/openssl@3/include -Iinclude -Isrc -Isrc/boost src/cbang/xml/XIncludeHandler.cpp
clang++ -o build/cbang/json/schema/AllOf.o -c -faligned-new -std=c++17 -fsigned-char -g3 -Wall -fno-inline -fno-omit-frame-pointer -Og -fPIC -DDEBUG -D_REENTRANT -D__APPLE__ -DCBANG_DEBUG_LEVEL=1 -DUSING_CBANG -I/opt/homebrew/opt/openssl@3/include -Iinclude -Isrc -Isrc/boost src/cbang/json/schema/AllOf.cpp
clang++ -o build/cbang/json/schema/AnyOf.o -c -faligned-new -std=c++17 -fsigned-char -g3 -Wall -fno-inline -fno-omit-frame-pointer -Og -fPIC -DDEBUG -D_REENTRANT -D__APPLE__ -DCBANG_DEBUG_LEVEL=1 -DUSING_CBANG -I/opt/homebrew/opt/openssl@3/include -Iinclude -Isrc -Isrc/boost src/cbang/json/schema/AnyOf.cpp
clang++ -o build/cbang/json/schema/Array.o -c -faligned-new -std=c++17 -fsigned-char -g3 -Wall -fno-inline -fno-omit-frame-pointer -Og -fPIC -DDEBUG -D_REENTRANT -D__APPLE__ -DCBANG_DEBUG_LEVEL=1 -DUSING_CBANG -I/opt/homebrew/opt/openssl@3/include -Iinclude -Isrc -Isrc/boost src/cbang/json/schema/Array.cpp
clang++ -o build/cbang/json/schema/Collection.o -c -faligned-new -std=c++17 -fsigned-char -g3 -Wall -fno-inline -fno-omit-frame-pointer -Og -fPIC -DDEBUG -D_REENTRANT -D__APPLE__ -DCBANG_DEBUG_LEVEL=1 -DUSING_CBANG -I/opt/homebrew/opt/openssl@3/include -Iinclude -Isrc -Isrc/boost src/cbang/json/schema/Collection.cpp
clang++ -o build/cbang/json/schema/Const.o -c -faligned-new -std=c++17 -fsigned-char -g3 -Wall -fno-inline -fno-omit-frame-pointer -Og -fPIC -DDEBUG -D_REENTRANT -D__APPLE__ -DCBANG_DEBUG_LEVEL=1 -DUSING_CBANG -I/opt/homebrew/opt/openssl@3/include -Iinclude -Isrc -Isrc/boost src/cbang/json/schema/Const.cpp
clang++ -o build/cbang/json/schema/DependentRequired.o -c -faligned-new -std=c++17 -fsigned-char -g3 -Wall -fno-inline -fno-omit-frame-pointer -Og -fPIC -DDEBUG -D_REENTRANT -D__APPLE__ -DCBANG_DEBUG_LEVEL=1 -DUSING_CBANG -I/opt/homebrew/opt/openssl@3/include -Iinclude -Isrc -Isrc/boost src/cbang/json/schema/DependentRequired.cpp
clang++ -o build/cbang/json/schema/DependentSchemas.o -c -faligned-new -std=c++17 -fsigned-char -g3 -Wall -fno-inline -fno-omit-frame-pointer -Og -fPIC -DDEBUG -D_REENTRANT -D__APPLE__ -DCBANG_DEBUG_LEVEL=1 -DUSING_CBANG -I/opt/homebrew/opt/openssl@3/include -Iinclude -Isrc -Isrc/boost src/cbang/json/schema/DependentSchemas.cpp
clang++ -o build/cbang/json/schema/Enum.o -c -faligned-new -std=c++17 -fsigned-char -g3 -Wall -fno-inline -fno-omit-frame-pointer -Og -fPIC -DDEBUG -D_REENTRANT -D__APPLE__ -DCBANG_DEBUG_LEVEL=1 -DUSING_CBANG -I/opt/homebrew/opt/openssl@3/include -Iinclude -Isrc -Isrc/boost src/cbang/json/schema/Enum.cpp
clang++ -o build/cbang/json/schema/IfThenElse.o -c -faligned-new -std=c++17 -fsigned-char -g3 -Wall -fno-inline -fno-omit-frame-pointer -Og -fPIC -DDEBUG -D_REENTRANT -D__APPLE__ -DCBANG_DEBUG_LEVEL=1 -DUSING_CBANG -I/opt/homebrew/opt/openssl@3/include -Iinclude -Isrc -Isrc/boost src/cbang/json/schema/IfThenElse.cpp
clang++ -o build/cbang/json/schema/Not.o -c -faligned-new -std=c++17 -fsigned-char -g3 -Wall -fno-inline -fno-omit-frame-pointer -Og -fPIC -DDEBUG -D_REENTRANT -D__APPLE__ -DCBANG_DEBUG_LEVEL=1 -DUSING_CBANG -I/opt/homebrew/opt/openssl@3/include -Iinclude -Isrc -Isrc/boost src/cbang/json/schema/Not.cpp
clang++ -o build/cbang/json/schema/Number.o -c -faligned-new -std=c++17 -fsigned-char -g3 -Wall -fno-inline -fno-omit-frame-pointer -Og -fPIC -DDEBUG -D_REENTRANT -D__APPLE__ -DCBANG_DEBUG_LEVEL=1 -DUSING_CBANG -I/opt/homebrew/opt/openssl@3/include -Iinclude -Isrc -Isrc/boost src/cbang/json/schema/Number.cpp
clang++ -o build/cbang/json/schema/Object.o -c -faligned-new -std=c++17 -fsigned-char -g3 -Wall -fno-inline -fno-omit-frame-pointer -Og -fPIC -DDEBUG -D_REENTRANT -D__APPLE__ -DCBANG_DEBUG_LEVEL=1 -DUSING_CBANG -I/opt/homebrew/opt/openssl@3/include -Iinclude -Isrc -Isrc/boost src/cbang/json/schema/Object.cpp
clang++ -o build/cbang/json/schema/OneOf.o -c -faligned-new -std=c++17 -fsigned-char -g3 -Wall -fno-inline -fno-omit-frame-pointer -Og -fPIC -DDEBUG -D_REENTRANT -D__APPLE__ -DCBANG_DEBUG_LEVEL=1 -DUSING_CBANG -I/opt/homebrew/opt/openssl@3/include -Iinclude -Isrc -Isrc/boost src/cbang/json/schema/OneOf.cpp
clang++ -o build/cbang/json/schema/Pattern.o -c -faligned-new -std=c++17 -fsigned-char -g3 -Wall -fno-inline -fno-omit-frame-pointer -Og -fPIC -DDEBUG -D_REENTRANT -D__APPLE__ -DCBANG_DEBUG_LEVEL=1 -DUSING_CBANG -I/opt/homebrew/opt/openssl@3/include -Iinclude -Isrc -Isrc/boost src/cbang/json/schema/Pattern.cpp
clang++ -o build/cbang/json/schema/RootSchema.o -c -faligned-new -std=c++17 -fsigned-char -g3 -Wall -fno-inline -fno-omit-frame-pointer -Og -fPIC -DDEBUG -D_REENTRANT -D__APPLE__ -DCBANG_DEBUG_LEVEL=1 -DUSING_CBANG -I/opt/homebrew/opt/openssl@3/include -Iinclude -Isrc -Isrc/boost src/cbang/json/schema/RootSchema.cpp
clang++ -o build/cbang/json/schema/Schema.o -c -faligned-new -std=c++17 -fsigned-char -g3 -Wall -fno-inline -fno-omit-frame-pointer -Og -fPIC -DDEBUG -D_REENTRANT -D__APPLE__ -DCBANG_DEBUG_LEVEL=1 -DUSING_CBANG -I/opt/homebrew/opt/openssl@3/include -Iinclude -Isrc -Isrc/boost src/cbang/json/schema/Schema.cpp
clang++ -o build/cbang/json/schema/String.o -c -faligned-new -std=c++17 -fsigned-char -g3 -Wall -fno-inline -fno-omit-frame-pointer -Og -fPIC -DDEBUG -D_REENTRANT -D__APPLE__ -DCBANG_DEBUG_LEVEL=1 -DUSING_CBANG -I/opt/homebrew/opt/openssl@3/include -Iinclude -Isrc -Isrc/boost src/cbang/json/schema/String.cpp
clang++ -o build/cbang/json/schema/URIPattern.o -c -faligned-new -std=c++17 -fsigned-char -g3 -Wall -fno-inline -fno-omit-frame-pointer -Og -fPIC -DDEBUG -D_REENTRANT -D__APPLE__ -DCBANG_DEBUG_LEVEL=1 -DUSING_CBANG -I/opt/homebrew/opt/openssl@3/include -Iinclude -Isrc -Isrc/boost src/cbang/json/schema/URIPattern.cpp
clang++ -o build/cbang/openssl/BIStream.o -c -faligned-new -std=c++17 -fsigned-char -g3 -Wall -fno-inline -fno-omit-frame-pointer -Og -fPIC -DDEBUG -D_REENTRANT -D__APPLE__ -DCBANG_DEBUG_LEVEL=1 -DUSING_CBANG -I/opt/homebrew/opt/openssl@3/include -Iinclude -Isrc -Isrc/boost src/cbang/openssl/BIStream.cpp
clang++ -o build/cbang/openssl/BOStream.o -c -faligned-new -std=c++17 -fsigned-char -g3 -Wall -fno-inline -fno-omit-frame-pointer -Og -fPIC -DDEBUG -D_REENTRANT -D__APPLE__ -DCBANG_DEBUG_LEVEL=1 -DUSING_CBANG -I/opt/homebrew/opt/openssl@3/include -Iinclude -Isrc -Isrc/boost src/cbang/openssl/BOStream.cpp
clang++ -o build/cbang/openssl/BStream.o -c -faligned-new -std=c++17 -fsigned-char -g3 -Wall -fno-inline -fno-omit-frame-pointer -Og -fPIC -DDEBUG -D_REENTRANT -D__APPLE__ -DCBANG_DEBUG_LEVEL=1 -DUSING_CBANG -I/opt/homebrew/opt/openssl@3/include -Iinclude -Isrc -Isrc/boost src/cbang/openssl/BStream.cpp
clang++ -o build/cbang/openssl/BigNum.o -c -faligned-new -std=c++17 -fsigned-char -g3 -Wall -fno-inline -fno-omit-frame-pointer -Og -fPIC -DDEBUG -D_REENTRANT -D__APPLE__ -DCBANG_DEBUG_LEVEL=1 -DUSING_CBANG -I/opt/homebrew/opt/openssl@3/include -Iinclude -Isrc -Isrc/boost src/cbang/openssl/BigNum.cpp
clang++ -o build/cbang/openssl/CRL.o -c -faligned-new -std=c++17 -fsigned-char -g3 -Wall -fno-inline -fno-omit-frame-pointer -Og -fPIC -DDEBUG -D_REENTRANT -D__APPLE__ -DCBANG_DEBUG_LEVEL=1 -DUSING_CBANG -I/opt/homebrew/opt/openssl@3/include -Iinclude -Isrc -Isrc/boost src/cbang/openssl/CRL.cpp
clang++ -o build/cbang/openssl/CSR.o -c -faligned-new -std=c++17 -fsigned-char -g3 -Wall -fno-inline -fno-omit-frame-pointer -Og -fPIC -DDEBUG -D_REENTRANT -D__APPLE__ -DCBANG_DEBUG_LEVEL=1 -DUSING_CBANG -I/opt/homebrew/opt/openssl@3/include -Iinclude -Isrc -Isrc/boost src/cbang/openssl/CSR.cpp
clang++ -o build/cbang/openssl/Certificate.o -c -faligned-new -std=c++17 -fsigned-char -g3 -Wall -fno-inline -fno-omit-frame-pointer -Og -fPIC -DDEBUG -D_REENTRANT -D__APPLE__ -DCBANG_DEBUG_LEVEL=1 -DUSING_CBANG -I/opt/homebrew/opt/openssl@3/include -Iinclude -Isrc -Isrc/boost src/cbang/openssl/Certificate.cpp
clang++ -o build/cbang/openssl/CertificateChain.o -c -faligned-new -std=c++17 -fsigned-char -g3 -Wall -fno-inline -fno-omit-frame-pointer -Og -fPIC -DDEBUG -D_REENTRANT -D__APPLE__ -DCBANG_DEBUG_LEVEL=1 -DUSING_CBANG -I/opt/homebrew/opt/openssl@3/include -Iinclude -Isrc -Isrc/boost src/cbang/openssl/CertificateChain.cpp
clang++ -o build/cbang/openssl/CertificateContext.o -c -faligned-new -std=c++17 -fsigned-char -g3 -Wall -fno-inline -fno-omit-frame-pointer -Og -fPIC -DDEBUG -D_REENTRANT -D__APPLE__ -DCBANG_DEBUG_LEVEL=1 -DUSING_CBANG -I/opt/homebrew/opt/openssl@3/include -Iinclude -Isrc -Isrc/boost src/cbang/openssl/CertificateContext.cpp
clang++ -o build/cbang/openssl/CertificateStore.o -c -faligned-new -std=c++17 -fsigned-char -g3 -Wall -fno-inline -fno-omit-frame-pointer -Og -fPIC -DDEBUG -D_REENTRANT -D__APPLE__ -DCBANG_DEBUG_LEVEL=1 -DUSING_CBANG -I/opt/homebrew/opt/openssl@3/include -Iinclude -Isrc -Isrc/boost src/cbang/openssl/CertificateStore.cpp
clang++ -o build/cbang/openssl/CertificateStoreContext.o -c -faligned-new -std=c++17 -fsigned-char -g3 -Wall -fno-inline -fno-omit-frame-pointer -Og -fPIC -DDEBUG -D_REENTRANT -D__APPLE__ -DCBANG_DEBUG_LEVEL=1 -DUSING_CBANG -I/opt/homebrew/opt/openssl@3/include -Iinclude -Isrc -Isrc/boost src/cbang/openssl/CertificateStoreContext.cpp
clang++ -o build/cbang/openssl/Cipher.o -c -faligned-new -std=c++17 -fsigned-char -g3 -Wall -fno-inline -fno-omit-frame-pointer -Og -fPIC -DDEBUG -D_REENTRANT -D__APPLE__ -DCBANG_DEBUG_LEVEL=1 -DUSING_CBANG -I/opt/homebrew/opt/openssl@3/include -Iinclude -Isrc -Isrc/boost src/cbang/openssl/Cipher.cpp
clang++ -o build/cbang/openssl/Digest.o -c -faligned-new -std=c++17 -fsigned-char -g3 -Wall -fno-inline -fno-omit-frame-pointer -Og -fPIC -DDEBUG -D_REENTRANT -D__APPLE__ -DCBANG_DEBUG_LEVEL=1 -DUSING_CBANG -I/opt/homebrew/opt/openssl@3/include -Iinclude -Isrc -Isrc/boost src/cbang/openssl/Digest.cpp
clang++ -o build/cbang/openssl/Extension.o -c -faligned-new -std=c++17 -fsigned-char -g3 -Wall -fno-inline -fno-omit-frame-pointer -Og -fPIC -DDEBUG -D_REENTRANT -D__APPLE__ -DCBANG_DEBUG_LEVEL=1 -DUSING_CBANG -I/opt/homebrew/opt/openssl@3/include -Iinclude -Isrc -Isrc/boost src/cbang/openssl/Extension.cpp
clang++ -o build/cbang/openssl/KeyContext.o -c -faligned-new -std=c++17 -fsigned-char -g3 -Wall -fno-inline -fno-omit-frame-pointer -Og -fPIC -DDEBUG -D_REENTRANT -D__APPLE__ -DCBANG_DEBUG_LEVEL=1 -DUSING_CBANG -I/opt/homebrew/opt/openssl@3/include -Iinclude -Isrc -Isrc/boost src/cbang/openssl/KeyContext.cpp
clang++ -o build/cbang/openssl/KeyGenPacifier.o -c -faligned-new -std=c++17 -fsigned-char -g3 -Wall -fno-inline -fno-omit-frame-pointer -Og -fPIC -DDEBUG -D_REENTRANT -D__APPLE__ -DCBANG_DEBUG_LEVEL=1 -DUSING_CBANG -I/opt/homebrew/opt/openssl@3/include -Iinclude -Isrc -Isrc/boost src/cbang/openssl/KeyGenPacifier.cpp
clang++ -o build/cbang/openssl/KeyPair.o -c -faligned-new -std=c++17 -fsigned-char -g3 -Wall -fno-inline -fno-omit-frame-pointer -Og -fPIC -DDEBUG -D_REENTRANT -D__APPLE__ -DCBANG_DEBUG_LEVEL=1 -DUSING_CBANG -I/opt/homebrew/opt/openssl@3/include -Iinclude -Isrc -Isrc/boost src/cbang/openssl/KeyPair.cpp
clang++ -o build/cbang/openssl/Revoked.o -c -faligned-new -std=c++17 -fsigned-char -g3 -Wall -fno-inline -fno-omit-frame-pointer -Og -fPIC -DDEBUG -D_REENTRANT -D__APPLE__ -DCBANG_DEBUG_LEVEL=1 -DUSING_CBANG -I/opt/homebrew/opt/openssl@3/include -Iinclude -Isrc -Isrc/boost src/cbang/openssl/Revoked.cpp
clang++ -o build/cbang/openssl/SSL.o -c -faligned-new -std=c++17 -fsigned-char -g3 -Wall -fno-inline -fno-omit-frame-pointer -Og -fPIC -DDEBUG -D_REENTRANT -D__APPLE__ -DCBANG_DEBUG_LEVEL=1 -DUSING_CBANG -I/opt/homebrew/opt/openssl@3/include -Iinclude -Isrc -Isrc/boost src/cbang/openssl/SSL.cpp
clang++ -o build/cbang/openssl/SSLContext.o -c -faligned-new -std=c++17 -fsigned-char -g3 -Wall -fno-inline -fno-omit-frame-pointer -Og -fPIC -DDEBUG -D_REENTRANT -D__APPLE__ -DCBANG_DEBUG_LEVEL=1 -DUSING_CBANG -I/opt/homebrew/opt/openssl@3/include -Iinclude -Isrc -Isrc/boost src/cbang/openssl/SSLContext.cpp
clang++ -o build/cbang/openssl/SecurityUtilities.o -c -faligned-new -std=c++17 -fsigned-char -g3 -Wall -fno-inline -fno-omit-frame-pointer -Og -fPIC -DDEBUG -D_REENTRANT -D__APPLE__ -DCBANG_DEBUG_LEVEL=1 -DUSING_CBANG -I/opt/homebrew/opt/openssl@3/include -Iinclude -Isrc -Isrc/boost src/cbang/openssl/SecurityUtilities.cpp
clang++ -o build/cbang/acmev2/Account.o -c -faligned-new -std=c++17 -fsigned-char -g3 -Wall -fno-inline -fno-omit-frame-pointer -Og -fPIC -DDEBUG -D_REENTRANT -D__APPLE__ -DCBANG_DEBUG_LEVEL=1 -DUSING_CBANG -I/opt/homebrew/opt/openssl@3/include -Iinclude -Isrc -Isrc/boost src/cbang/acmev2/Account.cpp
clang++ -o build/cbang/acmev2/KeyCert.o -c -faligned-new -std=c++17 -fsigned-char -g3 -Wall -fno-inline -fno-omit-frame-pointer -Og -fPIC -DDEBUG -D_REENTRANT -D__APPLE__ -DCBANG_DEBUG_LEVEL=1 -DUSING_CBANG -I/opt/homebrew/opt/openssl@3/include -Iinclude -Isrc -Isrc/boost src/cbang/acmev2/KeyCert.cpp
clang++ -o build/cbang/os/osx/MacOSPowerManagement.o -c -faligned-new -std=c++17 -fsigned-char -g3 -Wall -fno-inline -fno-omit-frame-pointer -Og -fPIC -DDEBUG -D_REENTRANT -D__APPLE__ -DCBANG_DEBUG_LEVEL=1 -DUSING_CBANG -I/opt/homebrew/opt/openssl@3/include -Iinclude -Isrc -Isrc/boost src/cbang/os/osx/MacOSPowerManagement.cpp
clang++ -o build/cbang/os/osx/MacOSString.o -c -faligned-new -std=c++17 -fsigned-char -g3 -Wall -fno-inline -fno-omit-frame-pointer -Og -fPIC -DDEBUG -D_REENTRANT -D__APPLE__ -DCBANG_DEBUG_LEVEL=1 -DUSING_CBANG -I/opt/homebrew/opt/openssl@3/include -Iinclude -Isrc -Isrc/boost src/cbang/os/osx/MacOSString.cpp
clang++ -o build/cbang/os/osx/MacOSSystemInfo.o -c -faligned-new -std=c++17 -fsigned-char -g3 -Wall -fno-inline -fno-omit-frame-pointer -Og -fPIC -DDEBUG -D_REENTRANT -D__APPLE__ -DCBANG_DEBUG_LEVEL=1 -DUSING_CBANG -I/opt/homebrew/opt/openssl@3/include -Iinclude -Isrc -Isrc/boost src/cbang/os/osx/MacOSSystemInfo.cpp
resources_build(["build/resources.v2.cpp", "build/resources.v2.data/data2.cpp", "build/resources.v2.data/data3.cpp", "build/resources.v2.data/data4.cpp", "build/resources.v2.data/data5.cpp", "build/resources.v2.data/data6.cpp", "build/resources.v2.data/data7.cpp", "build/resources.v2.data/data8.cpp", "build/resources.v2.data/data9.cpp", "build/resources.v2.data/data10.cpp", "build/resources.v2.data/data11.cpp"], ["src/resources"])
Writing resource: src/resources/licenses/boost.txt to build/resources.v2.data/data2.cpp
Writing resource: src/resources/licenses/libevent.txt to build/resources.v2.data/data3.cpp
Writing resource: src/resources/licenses/bzip2.txt to build/resources.v2.data/data4.cpp
Writing resource: src/resources/licenses/expat.txt to build/resources.v2.data/data5.cpp
Writing resource: src/resources/licenses/zlib.txt to build/resources.v2.data/data6.cpp
Writing resource: src/resources/licenses/libyaml.txt to build/resources.v2.data/data7.cpp
Writing resource: src/resources/licenses/re2.txt to build/resources.v2.data/data8.cpp
Writing resource: src/resources/licenses/lz4.txt to build/resources.v2.data/data9.cpp
Writing resource: src/resources/licenses/sqlite3.txt to build/resources.v2.data/data10.cpp
Writing resource: src/resources/licenses/cbang.txt to build/resources.v2.data/data11.cpp
clang++ -o build/resources.v2.o -c -faligned-new -std=c++17 -fsigned-char -g3 -Wall -fno-inline -fno-omit-frame-pointer -Og -fPIC -DDEBUG -D_REENTRANT -D__APPLE__ -DCBANG_DEBUG_LEVEL=1 -DUSING_CBANG -I/opt/homebrew/opt/openssl@3/include -Iinclude -Isrc -Isrc/boost build/resources.v2.cpp
clang++ -o build/resources.v2.data/data2.o -c -faligned-new -std=c++17 -fsigned-char -g3 -Wall -fno-inline -fno-omit-frame-pointer -Og -fPIC -DDEBUG -D_REENTRANT -D__APPLE__ -DCBANG_DEBUG_LEVEL=1 -DUSING_CBANG -I/opt/homebrew/opt/openssl@3/include -Iinclude -Isrc -Isrc/boost build/resources.v2.data/data2.cpp
src/cbang/os/osx/MacOSPowerManagement.cpp:73:9: warning: 'kIOMasterPortDefault' is deprecated: first deprecated in macOS 12.0 [-Wdeprecated-declarations]
   73 |         kIOMasterPortDefault,
      |         ^~~~~~~~~~~~~~~~~~~~
      |         kIOMainPortDefault
/Library/Developer/CommandLineTools/SDKs/MacOSX.sdk/System/Library/Frameworks/IOKit.framework/Headers/IOKitLib.h:133:19: note: 'kIOMasterPortDefault' has been explicitly marked deprecated here
  133 | const mach_port_t kIOMasterPortDefault
      |                   ^
1 warning generated.
clang++ -o build/resources.v2.data/data3.o -c -faligned-new -std=c++17 -fsigned-char -g3 -Wall -fno-inline -fno-omit-frame-pointer -Og -fPIC -DDEBUG -D_REENTRANT -D__APPLE__ -DCBANG_DEBUG_LEVEL=1 -DUSING_CBANG -I/opt/homebrew/opt/openssl@3/include -Iinclude -Isrc -Isrc/boost build/resources.v2.data/data3.cpp
clang++ -o build/resources.v2.data/data4.o -c -faligned-new -std=c++17 -fsigned-char -g3 -Wall -fno-inline -fno-omit-frame-pointer -Og -fPIC -DDEBUG -D_REENTRANT -D__APPLE__ -DCBANG_DEBUG_LEVEL=1 -DUSING_CBANG -I/opt/homebrew/opt/openssl@3/include -Iinclude -Isrc -Isrc/boost build/resources.v2.data/data4.cpp
clang++ -o build/resources.v2.data/data5.o -c -faligned-new -std=c++17 -fsigned-char -g3 -Wall -fno-inline -fno-omit-frame-pointer -Og -fPIC -DDEBUG -D_REENTRANT -D__APPLE__ -DCBANG_DEBUG_LEVEL=1 -DUSING_CBANG -I/opt/homebrew/opt/openssl@3/include -Iinclude -Isrc -Isrc/boost build/resources.v2.data/data5.cpp
clang++ -o build/resources.v2.data/data6.o -c -faligned-new -std=c++17 -fsigned-char -g3 -Wall -fno-inline -fno-omit-frame-pointer -Og -fPIC -DDEBUG -D_REENTRANT -D__APPLE__ -DCBANG_DEBUG_LEVEL=1 -DUSING_CBANG -I/opt/homebrew/opt/openssl@3/include -Iinclude -Isrc -Isrc/boost build/resources.v2.data/data6.cpp
clang++ -o build/resources.v2.data/data7.o -c -faligned-new -std=c++17 -fsigned-char -g3 -Wall -fno-inline -fno-omit-frame-pointer -Og -fPIC -DDEBUG -D_REENTRANT -D__APPLE__ -DCBANG_DEBUG_LEVEL=1 -DUSING_CBANG -I/opt/homebrew/opt/openssl@3/include -Iinclude -Isrc -Isrc/boost build/resources.v2.data/data7.cpp
src/cbang/os/osx/MacOSSystemInfo.cpp:168:29: warning: 'kIOMasterPortDefault' is deprecated: first deprecated in macOS 12.0 [-Wdeprecated-declarations]
  168 |     IORegistryEntryFromPath(kIOMasterPortDefault, "IOService:/");
      |                             ^~~~~~~~~~~~~~~~~~~~
      |                             kIOMainPortDefault
/Library/Developer/CommandLineTools/SDKs/MacOSX.sdk/System/Library/Frameworks/IOKit.framework/Headers/IOKitLib.h:133:19: note: 'kIOMasterPortDefault' has been explicitly marked deprecated here
  133 | const mach_port_t kIOMasterPortDefault
      |                   ^
clang++ -o build/resources.v2.data/data8.o -c -faligned-new -std=c++17 -fsigned-char -g3 -Wall -fno-inline -fno-omit-frame-pointer -Og -fPIC -DDEBUG -D_REENTRANT -D__APPLE__ -DCBANG_DEBUG_LEVEL=1 -DUSING_CBANG -I/opt/homebrew/opt/openssl@3/include -Iinclude -Isrc -Isrc/boost build/resources.v2.data/data8.cpp
1 warning generated.
clang++ -o build/resources.v2.data/data9.o -c -faligned-new -std=c++17 -fsigned-char -g3 -Wall -fno-inline -fno-omit-frame-pointer -Og -fPIC -DDEBUG -D_REENTRANT -D__APPLE__ -DCBANG_DEBUG_LEVEL=1 -DUSING_CBANG -I/opt/homebrew/opt/openssl@3/include -Iinclude -Isrc -Isrc/boost build/resources.v2.data/data9.cpp
clang++ -o build/resources.v2.data/data10.o -c -faligned-new -std=c++17 -fsigned-char -g3 -Wall -fno-inline -fno-omit-frame-pointer -Og -fPIC -DDEBUG -D_REENTRANT -D__APPLE__ -DCBANG_DEBUG_LEVEL=1 -DUSING_CBANG -I/opt/homebrew/opt/openssl@3/include -Iinclude -Isrc -Isrc/boost build/resources.v2.data/data10.cpp
clang++ -o build/resources.v2.data/data11.o -c -faligned-new -std=c++17 -fsigned-char -g3 -Wall -fno-inline -fno-omit-frame-pointer -Og -fPIC -DDEBUG -D_REENTRANT -D__APPLE__ -DCBANG_DEBUG_LEVEL=1 -DUSING_CBANG -I/opt/homebrew/opt/openssl@3/include -Iinclude -Isrc -Isrc/boost build/resources.v2.data/data11.cpp
build_function(["build/build_info.cpp"], [])
clang++ -o build/build_info.o -c -faligned-new -std=c++17 -fsigned-char -g3 -Wall -fno-inline -fno-omit-frame-pointer -Og -fPIC -DDEBUG -D_REENTRANT -D__APPLE__ -DCBANG_DEBUG_LEVEL=1 -DUSING_CBANG -I/opt/homebrew/opt/openssl@3/include -Iinclude -Isrc -Isrc/boost build/build_info.cpp
rm -f lib/libcbang.a; ar rc lib/libcbang.a build/cbang/Application.o build/cbang/Exception.o build/cbang/FileLocation.o build/cbang/Info.o build/cbang/LocationRange.o build/cbang/RefCounter.o build/cbang/SmartPointer.o build/cbang/String.o build/cbang/oauth2/FacebookProvider.o build/cbang/oauth2/GitHubProvider.o build/cbang/oauth2/GoogleProvider.o build/cbang/oauth2/Login.o build/cbang/oauth2/LoginHandler.o build/cbang/oauth2/Provider.o build/cbang/oauth2/Providers.o build/cbang/comp/Compression.o build/cbang/comp/Press.o build/cbang/comp/Tar.o build/cbang/comp/TarFileReader.o build/cbang/comp/TarFileWriter.o build/cbang/comp/TarHeader.o build/cbang/config/CommandLine.o build/cbang/config/Option.o build/cbang/config/OptionCategory.o build/cbang/config/OptionProxy.o build/cbang/config/OptionType.o build/cbang/config/Options.o build/cbang/config/RegexConstraint.o build/cbang/db/Backup.o build/cbang/db/Blob.o build/cbang/db/Column.o build/cbang/db/Database.o build/cbang/db/LevelDB.o build/cbang/db/NameValueTable.o build/cbang/db/Parameter.o build/cbang/db/Schema.o build/cbang/db/Statement.o build/cbang/db/TableDef.o build/cbang/db/Transaction.o build/cbang/debug/BFDResolver.o build/cbang/debug/BacktraceDebugger.o build/cbang/debug/Debugger.o build/cbang/debug/Demangle.o build/cbang/debug/StackFrame.o build/cbang/debug/StackTrace.o build/cbang/dns/Base.o build/cbang/dns/Error.o build/cbang/dns/Nameserver.o build/cbang/dns/Request.o build/cbang/dns/RequestResolve.o build/cbang/dns/RequestReverse.o build/cbang/dns/Type.o build/cbang/event/AsyncSubprocess.o build/cbang/event/Base.o build/cbang/event/Buffer.o build/cbang/event/ConcurrentPool.o build/cbang/event/Connection.o build/cbang/event/ConnectionError.o build/cbang/event/Event.o build/cbang/event/EventFactory.o build/cbang/event/EventFlag.o build/cbang/event/FD.o build/cbang/event/FDPool.o build/cbang/event/FDPoolEPoll.o build/cbang/event/FDPoolEPollCommand.o build/cbang/event/FDPoolEvent.o build/cbang/event/PipeEventBuffer.o build/cbang/event/Port.o build/cbang/event/RateTracker.o build/cbang/event/Server.o build/cbang/event/StreamEventBuffer.o build/cbang/event/StreamEventHandler.o build/cbang/event/StreamLogger.o build/cbang/event/SubprocessPool.o build/cbang/event/TransferRead.o build/cbang/event/TransferWrite.o build/cbang/http/ACLHandler.o build/cbang/http/AccessHandler.o build/cbang/http/Client.o build/cbang/http/Conn.o build/cbang/http/ConnIn.o build/cbang/http/ConnOut.o build/cbang/http/ContentTypes.o build/cbang/http/Cookie.o build/cbang/http/FileHandler.o build/cbang/http/HandlerGroup.o build/cbang/http/Headers.o build/cbang/http/IndexHandler.o build/cbang/http/Method.o build/cbang/http/MethodMatcher.o build/cbang/http/MultipartParser.o build/cbang/http/OutgoingRequest.o build/cbang/http/PendingRequest.o build/cbang/http/ProxyRequest.o build/cbang/http/RE2PatternMatcher.o build/cbang/http/RedirectSecure.o build/cbang/http/Request.o build/cbang/http/RequestErrorHandler.o build/cbang/http/RequestHandlerFactory.o build/cbang/http/ResourceHandler.o build/cbang/http/Server.o build/cbang/http/Session.o build/cbang/http/SessionHandler.o build/cbang/http/SessionManager.o build/cbang/http/Status.o build/cbang/http/URLPatternMatcher.o build/cbang/hw/CPUExtendedFeature.o build/cbang/hw/CPUFeature.o build/cbang/hw/CPUFeature80000001.o build/cbang/hw/CPUInfo.o build/cbang/hw/CPUInfoAArch64.o build/cbang/hw/CPUInfoX86.o build/cbang/hw/CPURegsAArch64.o build/cbang/hw/CPURegsX86.o build/cbang/hw/CUDALibrary.o build/cbang/hw/ComputeDevice.o build/cbang/hw/GPU.o build/cbang/hw/GPUIndex.o build/cbang/hw/GPUResource.o build/cbang/hw/GPUType.o build/cbang/hw/GPUVendor.o build/cbang/hw/HIPLibrary.o build/cbang/hw/OpenCLLibrary.o build/cbang/hw/PCIDevice.o build/cbang/hw/PCIInfo.o build/cbang/hw/PCIVendor.o build/cbang/io/InputSource.o build/cbang/io/StreamBuf.o build/cbang/js/BakedCallback.o build/cbang/js/Callback.o build/cbang/js/ConsoleModule.o build/cbang/js/Function.o build/cbang/js/Javascript.o build/cbang/js/PathResolver.o build/cbang/js/Signature.o build/cbang/js/Sink.o build/cbang/js/StdModule.o build/cbang/js/Value.o build/cbang/json/Builder.o build/cbang/json/Dict.o build/cbang/json/DictIterator.o build/cbang/json/Factory.o build/cbang/json/False.o build/cbang/json/Iterator.o build/cbang/json/List.o build/cbang/json/ListIterator.o build/cbang/json/Null.o build/cbang/json/NullSink.o build/cbang/json/Observable.o build/cbang/json/Path.o build/cbang/json/ProxySink.o build/cbang/json/Reader.o build/cbang/json/Serializable.o build/cbang/json/Sink.o build/cbang/json/String.o build/cbang/json/TeeSink.o build/cbang/json/True.o build/cbang/json/Undefined.o build/cbang/json/Value.o build/cbang/json/ValueType.o build/cbang/json/Writer.o build/cbang/json/YAMLMergeSink.o build/cbang/json/YAMLReader.o build/cbang/log/LogLineBuffer.o build/cbang/log/LogLineListener.o build/cbang/log/LogStream.o build/cbang/log/Logger.o build/cbang/log/TailFileToLog.o build/cbang/net/AddressFilter.o build/cbang/net/AddressRange.o build/cbang/net/AddressRangeSet.o build/cbang/net/Base64.o build/cbang/net/SockAddr.o build/cbang/net/Socket.o build/cbang/net/SocketSet.o build/cbang/net/URI.o build/cbang/os/Directory.o build/cbang/os/DirectoryWalker.o build/cbang/os/DynamicLibrary.o build/cbang/os/ExitSignalHandler.o build/cbang/os/Glob.o build/cbang/os/Pipe.o build/cbang/os/PowerManagement.o build/cbang/os/ProcessLock.o build/cbang/os/ProcessPriority.o build/cbang/os/SignalManager.o build/cbang/os/Subprocess.o build/cbang/os/SysError.o build/cbang/os/SystemInfo.o build/cbang/os/SystemUtilities.o build/cbang/os/TemporaryDirectory.o build/cbang/parse/Parser.o build/cbang/parse/Scanner.o build/cbang/thread/Condition.o build/cbang/thread/Mutex.o build/cbang/thread/RWLock.o build/cbang/thread/Semaphore.o build/cbang/thread/Thread.o build/cbang/thread/ThreadPool.o build/cbang/time/HumanDuration.o build/cbang/time/Time.o build/cbang/time/TimeInterval.o build/cbang/time/Timer.o build/cbang/util/ACLSet.o build/cbang/util/BIP39Words.o build/cbang/util/HumanNumber.o build/cbang/util/HumanSize.o build/cbang/util/LineBuffer.o build/cbang/util/Progress.o build/cbang/util/Random.o build/cbang/util/Rate.o build/cbang/util/RateSet.o build/cbang/util/Regex.o build/cbang/util/Resource.o build/cbang/util/ResourceManager.o build/cbang/util/Singleton.o build/cbang/util/UUID.o build/cbang/util/Variant.o build/cbang/ws/JSONWebsocket.o build/cbang/ws/OpCode.o build/cbang/ws/Status.o build/cbang/ws/Websocket.o build/cbang/xml/Adapter.o build/cbang/xml/Attributes.o build/cbang/xml/ExpatAdapter.o build/cbang/xml/FileTracker.o build/cbang/xml/HandlerContext.o build/cbang/xml/Processor.o build/cbang/xml/Reader.o build/cbang/xml/SkipHandler.o build/cbang/xml/Writer.o build/cbang/xml/XIncludeHandler.o build/cbang/json/schema/AllOf.o build/cbang/json/schema/AnyOf.o build/cbang/json/schema/Array.o build/cbang/json/schema/Collection.o build/cbang/json/schema/Const.o build/cbang/json/schema/DependentRequired.o build/cbang/json/schema/DependentSchemas.o build/cbang/json/schema/Enum.o build/cbang/json/schema/IfThenElse.o build/cbang/json/schema/Not.o build/cbang/json/schema/Number.o build/cbang/json/schema/Object.o build/cbang/json/schema/OneOf.o build/cbang/json/schema/Pattern.o build/cbang/json/schema/RootSchema.o build/cbang/json/schema/Schema.o build/cbang/json/schema/String.o build/cbang/json/schema/URIPattern.o build/cbang/openssl/BIStream.o build/cbang/openssl/BOStream.o build/cbang/openssl/BStream.o build/cbang/openssl/BigNum.o build/cbang/openssl/CRL.o build/cbang/openssl/CSR.o build/cbang/openssl/Certificate.o build/cbang/openssl/CertificateChain.o build/cbang/openssl/CertificateContext.o build/cbang/openssl/CertificateStore.o build/cbang/openssl/CertificateStoreContext.o build/cbang/openssl/Cipher.o build/cbang/openssl/Digest.o build/cbang/openssl/Extension.o build/cbang/openssl/KeyContext.o build/cbang/openssl/KeyGenPacifier.o build/cbang/openssl/KeyPair.o build/cbang/openssl/Revoked.o build/cbang/openssl/SSL.o build/cbang/openssl/SSLContext.o build/cbang/openssl/SecurityUtilities.o build/cbang/acmev2/Account.o build/cbang/acmev2/KeyCert.o build/cbang/os/osx/MacOSPowerManagement.o build/cbang/os/osx/MacOSString.o build/cbang/os/osx/MacOSSystemInfo.o build/resources.v2.o build/resources.v2.data/data2.o build/resources.v2.data/data3.o build/resources.v2.data/data4.o build/resources.v2.data/data5.o build/resources.v2.data/data6.o build/resources.v2.data/data7.o build/resources.v2.data/data8.o build/resources.v2.data/data9.o build/resources.v2.data/data10.o build/resources.v2.data/data11.o build/build_info.o
ranlib lib/libcbang.a
scons: done building targets.
scons: Entering directory `/Users/amir/lab/fah-client/fah-client-bastet'
scons: Reading SConscript files ...
     Compiler: clang (clang)
     Platform: darwin
Compiler Mode: gnu
   Build Mode: debug
         Arch: None
       Jobs: 6
Checking for C library pthread... yes
Checking for C header file zlib.h... yes
Checking for C library z... yes
Checking for C header file bzlib.h... yes
Checking for C library bz2... yes
Checking for C header file lz4frame.h... yes
Checking for C library lz4... yes
Checking for C library xxhash... no
Checking for C header file expat.h... yes
Checking for C library expat... yes
Checking for C header file pthread.h... yes
Checking for C library pthread... yes
Checking for C library dl... yes
Checking for C library sqlite3... yes
Checking for C header file sqlite3.h... yes
Checking for C function sqlite3_backup_init()... yes
Checking for C header file yaml.h... yes
Checking for C library yaml... yes
Checking for C library snappy... no
Need library snappy(cached) error: no result
Checking for C header file mysql/mysql.h... no
Checking for C header file event2/event.h... yes
Checking for C library event... yes
Checking for C++ header file re2/re2.h... yes
Checking for C library re2... yes
Checking for C function epoll_create1()... no
Checking for C library zstd... no
Checking for C header file openssl/ssl.h... yes
Checking for C library crypto... yes
Checking for C library ssl... yes
Checking for openssl version >= 1.1.0...yes
Checking for C++ header file v8.h... no
Need C++ header v8.h(cached) error: no result
Checking for C header file pthread.h... yes
Checking for C library pthread... yes
Checking for framework CoreServices... yes
Checking for framework IOKit... yes
Checking for framework Security... yes
Checking for framework SystemConfiguration... yes
Checking for framework CoreFoundation... yes
Checking for C header file valgrind/valgrind.h... no
Checking for C header file execinfo.h... yes
Checking for C header file bfd.h... no
Checking for C library iberty... no
Checking for C library sframe... no
Checking for C library zstd... no
Checking for C function bfd_get_error_handler()... no
Checking for C library cbang-boost... yes
Checking for C library cbang... yes
Checking for C++ header file cbang/Exception.h... yes
Checking for framework SystemConfiguration... yes
error: no result
scons: done reading SConscript files.
scons: Building targets ...
clang++ -o build/client.o -c -faligned-new -std=c++17 -fsigned-char -g3 -Wall -fno-inline -fno-omit-frame-pointer -Og -fPIC -DDEBUG -D_REENTRANT -D__APPLE__ -DCBANG_DEBUG_LEVEL=1 -DHAVE_CBANG -DUSING_CBANG -I/Users/amir/lab/fah-client/cbang/src -I/Users/amir/lab/fah-client/cbang/include -I/Users/amir/lab/fah-client/cbang/src/boost -I/opt/homebrew/opt/openssl@3/include -Isrc src/client.cpp
clang++ -o build/fah/client/Account.o -c -faligned-new -std=c++17 -fsigned-char -g3 -Wall -fno-inline -fno-omit-frame-pointer -Og -fPIC -DDEBUG -D_REENTRANT -D__APPLE__ -DCBANG_DEBUG_LEVEL=1 -DHAVE_CBANG -DUSING_CBANG -I/Users/amir/lab/fah-client/cbang/src -I/Users/amir/lab/fah-client/cbang/include -I/Users/amir/lab/fah-client/cbang/src/boost -I/opt/homebrew/opt/openssl@3/include -Isrc src/fah/client/Account.cpp
clang++ -o build/fah/client/App.o -c -faligned-new -std=c++17 -fsigned-char -g3 -Wall -fno-inline -fno-omit-frame-pointer -Og -fPIC -DDEBUG -D_REENTRANT -D__APPLE__ -DCBANG_DEBUG_LEVEL=1 -DHAVE_CBANG -DUSING_CBANG -I/Users/amir/lab/fah-client/cbang/src -I/Users/amir/lab/fah-client/cbang/include -I/Users/amir/lab/fah-client/cbang/src/boost -I/opt/homebrew/opt/openssl@3/include -Isrc src/fah/client/App.cpp
clang++ -o build/fah/client/Config.o -c -faligned-new -std=c++17 -fsigned-char -g3 -Wall -fno-inline -fno-omit-frame-pointer -Og -fPIC -DDEBUG -D_REENTRANT -D__APPLE__ -DCBANG_DEBUG_LEVEL=1 -DHAVE_CBANG -DUSING_CBANG -I/Users/amir/lab/fah-client/cbang/src -I/Users/amir/lab/fah-client/cbang/include -I/Users/amir/lab/fah-client/cbang/src/boost -I/opt/homebrew/opt/openssl@3/include -Isrc src/fah/client/Config.cpp
clang++ -o build/fah/client/Core.o -c -faligned-new -std=c++17 -fsigned-char -g3 -Wall -fno-inline -fno-omit-frame-pointer -Og -fPIC -DDEBUG -D_REENTRANT -D__APPLE__ -DCBANG_DEBUG_LEVEL=1 -DHAVE_CBANG -DUSING_CBANG -I/Users/amir/lab/fah-client/cbang/src -I/Users/amir/lab/fah-client/cbang/include -I/Users/amir/lab/fah-client/cbang/src/boost -I/opt/homebrew/opt/openssl@3/include -Isrc src/fah/client/Core.cpp
clang++ -o build/fah/client/CoreProcess.o -c -faligned-new -std=c++17 -fsigned-char -g3 -Wall -fno-inline -fno-omit-frame-pointer -Og -fPIC -DDEBUG -D_REENTRANT -D__APPLE__ -DCBANG_DEBUG_LEVEL=1 -DHAVE_CBANG -DUSING_CBANG -I/Users/amir/lab/fah-client/cbang/src -I/Users/amir/lab/fah-client/cbang/include -I/Users/amir/lab/fah-client/cbang/src/boost -I/opt/homebrew/opt/openssl@3/include -Isrc src/fah/client/CoreProcess.cpp
clang++ -o build/fah/client/CoreState.o -c -faligned-new -std=c++17 -fsigned-char -g3 -Wall -fno-inline -fno-omit-frame-pointer -Og -fPIC -DDEBUG -D_REENTRANT -D__APPLE__ -DCBANG_DEBUG_LEVEL=1 -DHAVE_CBANG -DUSING_CBANG -I/Users/amir/lab/fah-client/cbang/src -I/Users/amir/lab/fah-client/cbang/include -I/Users/amir/lab/fah-client/cbang/src/boost -I/opt/homebrew/opt/openssl@3/include -Isrc src/fah/client/CoreState.cpp
clang++ -o build/fah/client/Cores.o -c -faligned-new -std=c++17 -fsigned-char -g3 -Wall -fno-inline -fno-omit-frame-pointer -Og -fPIC -DDEBUG -D_REENTRANT -D__APPLE__ -DCBANG_DEBUG_LEVEL=1 -DHAVE_CBANG -DUSING_CBANG -I/Users/amir/lab/fah-client/cbang/src -I/Users/amir/lab/fah-client/cbang/include -I/Users/amir/lab/fah-client/cbang/src/boost -I/opt/homebrew/opt/openssl@3/include -Isrc src/fah/client/Cores.cpp
clang++ -o build/fah/client/ExitCode.o -c -faligned-new -std=c++17 -fsigned-char -g3 -Wall -fno-inline -fno-omit-frame-pointer -Og -fPIC -DDEBUG -D_REENTRANT -D__APPLE__ -DCBANG_DEBUG_LEVEL=1 -DHAVE_CBANG -DUSING_CBANG -I/Users/amir/lab/fah-client/cbang/src -I/Users/amir/lab/fah-client/cbang/include -I/Users/amir/lab/fah-client/cbang/src/boost -I/opt/homebrew/opt/openssl@3/include -Isrc src/fah/client/ExitCode.cpp
clang++ -o build/fah/client/GPUResource.o -c -faligned-new -std=c++17 -fsigned-char -g3 -Wall -fno-inline -fno-omit-frame-pointer -Og -fPIC -DDEBUG -D_REENTRANT -D__APPLE__ -DCBANG_DEBUG_LEVEL=1 -DHAVE_CBANG -DUSING_CBANG -I/Users/amir/lab/fah-client/cbang/src -I/Users/amir/lab/fah-client/cbang/include -I/Users/amir/lab/fah-client/cbang/src/boost -I/opt/homebrew/opt/openssl@3/include -Isrc src/fah/client/GPUResource.cpp
clang++ -o build/fah/client/GPUResources.o -c -faligned-new -std=c++17 -fsigned-char -g3 -Wall -fno-inline -fno-omit-frame-pointer -Og -fPIC -DDEBUG -D_REENTRANT -D__APPLE__ -DCBANG_DEBUG_LEVEL=1 -DHAVE_CBANG -DUSING_CBANG -I/Users/amir/lab/fah-client/cbang/src -I/Users/amir/lab/fah-client/cbang/include -I/Users/amir/lab/fah-client/cbang/src/boost -I/opt/homebrew/opt/openssl@3/include -Isrc src/fah/client/GPUResources.cpp
clang++ -o build/fah/client/Group.o -c -faligned-new -std=c++17 -fsigned-char -g3 -Wall -fno-inline -fno-omit-frame-pointer -Og -fPIC -DDEBUG -D_REENTRANT -D__APPLE__ -DCBANG_DEBUG_LEVEL=1 -DHAVE_CBANG -DUSING_CBANG -I/Users/amir/lab/fah-client/cbang/src -I/Users/amir/lab/fah-client/cbang/include -I/Users/amir/lab/fah-client/cbang/src/boost -I/opt/homebrew/opt/openssl@3/include -Isrc src/fah/client/Group.cpp
clang++ -o build/fah/client/Groups.o -c -faligned-new -std=c++17 -fsigned-char -g3 -Wall -fno-inline -fno-omit-frame-pointer -Og -fPIC -DDEBUG -D_REENTRANT -D__APPLE__ -DCBANG_DEBUG_LEVEL=1 -DHAVE_CBANG -DUSING_CBANG -I/Users/amir/lab/fah-client/cbang/src -I/Users/amir/lab/fah-client/cbang/include -I/Users/amir/lab/fah-client/cbang/src/boost -I/opt/homebrew/opt/openssl@3/include -Isrc src/fah/client/Groups.cpp
clang++ -o build/fah/client/LogTracker.o -c -faligned-new -std=c++17 -fsigned-char -g3 -Wall -fno-inline -fno-omit-frame-pointer -Og -fPIC -DDEBUG -D_REENTRANT -D__APPLE__ -DCBANG_DEBUG_LEVEL=1 -DHAVE_CBANG -DUSING_CBANG -I/Users/amir/lab/fah-client/cbang/src -I/Users/amir/lab/fah-client/cbang/include -I/Users/amir/lab/fah-client/cbang/src/boost -I/opt/homebrew/opt/openssl@3/include -Isrc src/fah/client/LogTracker.cpp
clang++ -o build/fah/client/NodeRemote.o -c -faligned-new -std=c++17 -fsigned-char -g3 -Wall -fno-inline -fno-omit-frame-pointer -Og -fPIC -DDEBUG -D_REENTRANT -D__APPLE__ -DCBANG_DEBUG_LEVEL=1 -DHAVE_CBANG -DUSING_CBANG -I/Users/amir/lab/fah-client/cbang/src -I/Users/amir/lab/fah-client/cbang/include -I/Users/amir/lab/fah-client/cbang/src/boost -I/opt/homebrew/opt/openssl@3/include -Isrc src/fah/client/NodeRemote.cpp
clang++ -o build/fah/client/OS.o -c -faligned-new -std=c++17 -fsigned-char -g3 -Wall -fno-inline -fno-omit-frame-pointer -Og -fPIC -DDEBUG -D_REENTRANT -D__APPLE__ -DCBANG_DEBUG_LEVEL=1 -DHAVE_CBANG -DUSING_CBANG -I/Users/amir/lab/fah-client/cbang/src -I/Users/amir/lab/fah-client/cbang/include -I/Users/amir/lab/fah-client/cbang/src/boost -I/opt/homebrew/opt/openssl@3/include -Isrc src/fah/client/OS.cpp
clang++ -o build/fah/client/PasskeyConstraint.o -c -faligned-new -std=c++17 -fsigned-char -g3 -Wall -fno-inline -fno-omit-frame-pointer -Og -fPIC -DDEBUG -D_REENTRANT -D__APPLE__ -DCBANG_DEBUG_LEVEL=1 -DHAVE_CBANG -DUSING_CBANG -I/Users/amir/lab/fah-client/cbang/src -I/Users/amir/lab/fah-client/cbang/include -I/Users/amir/lab/fah-client/cbang/src/boost -I/opt/homebrew/opt/openssl@3/include -Isrc src/fah/client/PasskeyConstraint.cpp
clang++ -o build/fah/client/Remote.o -c -faligned-new -std=c++17 -fsigned-char -g3 -Wall -fno-inline -fno-omit-frame-pointer -Og -fPIC -DDEBUG -D_REENTRANT -D__APPLE__ -DCBANG_DEBUG_LEVEL=1 -DHAVE_CBANG -DUSING_CBANG -I/Users/amir/lab/fah-client/cbang/src -I/Users/amir/lab/fah-client/cbang/include -I/Users/amir/lab/fah-client/cbang/src/boost -I/opt/homebrew/opt/openssl@3/include -Isrc src/fah/client/Remote.cpp
clang++ -o build/fah/client/RunResult.o -c -faligned-new -std=c++17 -fsigned-char -g3 -Wall -fno-inline -fno-omit-frame-pointer -Og -fPIC -DDEBUG -D_REENTRANT -D__APPLE__ -DCBANG_DEBUG_LEVEL=1 -DHAVE_CBANG -DUSING_CBANG -I/Users/amir/lab/fah-client/cbang/src -I/Users/amir/lab/fah-client/cbang/include -I/Users/amir/lab/fah-client/cbang/src/boost -I/opt/homebrew/opt/openssl@3/include -Isrc src/fah/client/RunResult.cpp
clang++ -o build/fah/client/Server.o -c -faligned-new -std=c++17 -fsigned-char -g3 -Wall -fno-inline -fno-omit-frame-pointer -Og -fPIC -DDEBUG -D_REENTRANT -D__APPLE__ -DCBANG_DEBUG_LEVEL=1 -DHAVE_CBANG -DUSING_CBANG -I/Users/amir/lab/fah-client/cbang/src -I/Users/amir/lab/fah-client/cbang/include -I/Users/amir/lab/fah-client/cbang/src/boost -I/opt/homebrew/opt/openssl@3/include -Isrc src/fah/client/Server.cpp
clang++ -o build/fah/client/Unit.o -c -faligned-new -std=c++17 -fsigned-char -g3 -Wall -fno-inline -fno-omit-frame-pointer -Og -fPIC -DDEBUG -D_REENTRANT -D__APPLE__ -DCBANG_DEBUG_LEVEL=1 -DHAVE_CBANG -DUSING_CBANG -I/Users/amir/lab/fah-client/cbang/src -I/Users/amir/lab/fah-client/cbang/include -I/Users/amir/lab/fah-client/cbang/src/boost -I/opt/homebrew/opt/openssl@3/include -Isrc src/fah/client/Unit.cpp
clang++ -o build/fah/client/UnitState.o -c -faligned-new -std=c++17 -fsigned-char -g3 -Wall -fno-inline -fno-omit-frame-pointer -Og -fPIC -DDEBUG -D_REENTRANT -D__APPLE__ -DCBANG_DEBUG_LEVEL=1 -DHAVE_CBANG -DUSING_CBANG -I/Users/amir/lab/fah-client/cbang/src -I/Users/amir/lab/fah-client/cbang/include -I/Users/amir/lab/fah-client/cbang/src/boost -I/opt/homebrew/opt/openssl@3/include -Isrc src/fah/client/UnitState.cpp
clang++ -o build/fah/client/Units.o -c -faligned-new -std=c++17 -fsigned-char -g3 -Wall -fno-inline -fno-omit-frame-pointer -Og -fPIC -DDEBUG -D_REENTRANT -D__APPLE__ -DCBANG_DEBUG_LEVEL=1 -DHAVE_CBANG -DUSING_CBANG -I/Users/amir/lab/fah-client/cbang/src -I/Users/amir/lab/fah-client/cbang/include -I/Users/amir/lab/fah-client/cbang/src/boost -I/opt/homebrew/opt/openssl@3/include -Isrc src/fah/client/Units.cpp
clang++ -o build/fah/client/WebsocketRemote.o -c -faligned-new -std=c++17 -fsigned-char -g3 -Wall -fno-inline -fno-omit-frame-pointer -Og -fPIC -DDEBUG -D_REENTRANT -D__APPLE__ -DCBANG_DEBUG_LEVEL=1 -DHAVE_CBANG -DUSING_CBANG -I/Users/amir/lab/fah-client/cbang/src -I/Users/amir/lab/fah-client/cbang/include -I/Users/amir/lab/fah-client/cbang/src/boost -I/opt/homebrew/opt/openssl@3/include -Isrc src/fah/client/WebsocketRemote.cpp
clang++ -o build/fah/client/osx/OSXOSImpl.o -c -faligned-new -std=c++17 -fsigned-char -g3 -Wall -fno-inline -fno-omit-frame-pointer -Og -fPIC -DDEBUG -D_REENTRANT -D__APPLE__ -DCBANG_DEBUG_LEVEL=1 -DHAVE_CBANG -DUSING_CBANG -I/Users/amir/lab/fah-client/cbang/src -I/Users/amir/lab/fah-client/cbang/include -I/Users/amir/lab/fah-client/cbang/src/boost -I/opt/homebrew/opt/openssl@3/include -Isrc src/fah/client/osx/OSXOSImpl.cpp
build_function(["build/build_info.cpp"], [])
clang++ -o build/build_info.o -c -faligned-new -std=c++17 -fsigned-char -g3 -Wall -fno-inline -fno-omit-frame-pointer -Og -fPIC -DDEBUG -D_REENTRANT -D__APPLE__ -DCBANG_DEBUG_LEVEL=1 -DHAVE_CBANG -DUSING_CBANG -I/Users/amir/lab/fah-client/cbang/src -I/Users/amir/lab/fah-client/cbang/include -I/Users/amir/lab/fah-client/cbang/src/boost -I/opt/homebrew/opt/openssl@3/include -Isrc build/build_info.cpp
resources_build(["build/resources.v2.cpp", "build/resources.v2.data/data1.cpp", "build/resources.v2.data/data2.cpp", "build/resources.v2.data/data3.cpp"], ["src/resources"])
Writing resource: src/resources/ca.pem to build/resources.v2.data/data1.cpp
Writing resource: src/resources/global.json to build/resources.v2.data/data2.cpp
Writing resource: src/resources/group.json to build/resources.v2.data/data3.cpp
clang++ -o build/resources.v2.o -c -faligned-new -std=c++17 -fsigned-char -g3 -Wall -fno-inline -fno-omit-frame-pointer -Og -fPIC -DDEBUG -D_REENTRANT -D__APPLE__ -DCBANG_DEBUG_LEVEL=1 -DHAVE_CBANG -DUSING_CBANG -I/Users/amir/lab/fah-client/cbang/src -I/Users/amir/lab/fah-client/cbang/include -I/Users/amir/lab/fah-client/cbang/src/boost -I/opt/homebrew/opt/openssl@3/include -Isrc build/resources.v2.cpp
src/fah/client/osx/OSXOSImpl.cpp:262:8: warning: 'kIOMasterPortDefault' is deprecated: first deprecated in macOS 12.0 [-Wdeprecated-declarations]
  262 |       (kIOMasterPortDefault, IOServiceNameMatching("IODisplayWrangler"));
      |        ^~~~~~~~~~~~~~~~~~~~
      |        kIOMainPortDefault
/Library/Developer/CommandLineTools/SDKs/MacOSX.sdk/System/Library/Frameworks/IOKit.framework/Headers/IOKitLib.h:133:19: note: 'kIOMasterPortDefault' has been explicitly marked deprecated here
  133 | const mach_port_t kIOMasterPortDefault
      |                   ^
src/fah/client/osx/OSXOSImpl.cpp:339:8: warning: 'kIOMasterPortDefault' is deprecated: first deprecated in macOS 12.0 [-Wdeprecated-declarations]
  339 |       (kIOMasterPortDefault, IOServiceNameMatching("IODisplayWrangler"));
      |        ^~~~~~~~~~~~~~~~~~~~
      |        kIOMainPortDefault
/Library/Developer/CommandLineTools/SDKs/MacOSX.sdk/System/Library/Frameworks/IOKit.framework/Headers/IOKitLib.h:133:19: note: 'kIOMasterPortDefault' has been explicitly marked deprecated here
  133 | const mach_port_t kIOMasterPortDefault
      |                   ^
src/fah/client/osx/OSXOSImpl.cpp:343:56: warning: 'kIOMasterPortDefault' is deprecated: first deprecated in macOS 12.0 [-Wdeprecated-declarations]
  343 |   bool ok = displayNotePort = IONotificationPortCreate(kIOMasterPortDefault);
      |                                                        ^~~~~~~~~~~~~~~~~~~~
      |                                                        kIOMainPortDefault
/Library/Developer/CommandLineTools/SDKs/MacOSX.sdk/System/Library/Frameworks/IOKit.framework/Headers/IOKitLib.h:133:19: note: 'kIOMasterPortDefault' has been explicitly marked deprecated here
  133 | const mach_port_t kIOMasterPortDefault
      |                   ^
clang++ -o build/resources.v2.data/data1.o -c -faligned-new -std=c++17 -fsigned-char -g3 -Wall -fno-inline -fno-omit-frame-pointer -Og -fPIC -DDEBUG -D_REENTRANT -D__APPLE__ -DCBANG_DEBUG_LEVEL=1 -DHAVE_CBANG -DUSING_CBANG -I/Users/amir/lab/fah-client/cbang/src -I/Users/amir/lab/fah-client/cbang/include -I/Users/amir/lab/fah-client/cbang/src/boost -I/opt/homebrew/opt/openssl@3/include -Isrc build/resources.v2.data/data1.cpp
clang++ -o build/resources.v2.data/data2.o -c -faligned-new -std=c++17 -fsigned-char -g3 -Wall -fno-inline -fno-omit-frame-pointer -Og -fPIC -DDEBUG -D_REENTRANT -D__APPLE__ -DCBANG_DEBUG_LEVEL=1 -DHAVE_CBANG -DUSING_CBANG -I/Users/amir/lab/fah-client/cbang/src -I/Users/amir/lab/fah-client/cbang/include -I/Users/amir/lab/fah-client/cbang/src/boost -I/opt/homebrew/opt/openssl@3/include -Isrc build/resources.v2.data/data2.cpp
3 warnings generated.
clang++ -o build/resources.v2.data/data3.o -c -faligned-new -std=c++17 -fsigned-char -g3 -Wall -fno-inline -fno-omit-frame-pointer -Og -fPIC -DDEBUG -D_REENTRANT -D__APPLE__ -DCBANG_DEBUG_LEVEL=1 -DHAVE_CBANG -DUSING_CBANG -I/Users/amir/lab/fah-client/cbang/src -I/Users/amir/lab/fah-client/cbang/include -I/Users/amir/lab/fah-client/cbang/src/boost -I/opt/homebrew/opt/openssl@3/include -Isrc build/resources.v2.data/data3.cpp
rm -f build/libfahclient-resources.a; ar rc build/libfahclient-resources.a build/resources.v2.o build/resources.v2.data/data1.o build/resources.v2.data/data2.o build/resources.v2.data/data3.o
ranlib build/libfahclient-resources.a
rm -f build/libfahclient.a; ar rc build/libfahclient.a build/fah/client/Account.o build/fah/client/App.o build/fah/client/Config.o build/fah/client/Core.o build/fah/client/CoreProcess.o build/fah/client/CoreState.o build/fah/client/Cores.o build/fah/client/ExitCode.o build/fah/client/GPUResource.o build/fah/client/GPUResources.o build/fah/client/Group.o build/fah/client/Groups.o build/fah/client/LogTracker.o build/fah/client/NodeRemote.o build/fah/client/OS.o build/fah/client/PasskeyConstraint.o build/fah/client/Remote.o build/fah/client/RunResult.o build/fah/client/Server.o build/fah/client/Unit.o build/fah/client/UnitState.o build/fah/client/Units.o build/fah/client/WebsocketRemote.o build/fah/client/osx/OSXOSImpl.o build/build_info.o
ranlib build/libfahclient.a
clang++ -o fah-client -pthread build/client.o build/libfahclient.a build/libfahclient-resources.a -L/opt/homebrew/opt/openssl@3 -L/opt/homebrew/opt/openssl@3/lib -L/Users/amir/lab/fah-client/cbang/lib -lcbang -lcbang-boost -lpthread -lssl -lcrypto -lre2 -levent -lyaml -lsqlite3 -ldl -lpthread -lexpat -llz4 -lbz2 -lz -lpthread -framework CoreFoundation -framework SystemConfiguration -framework Security -framework IOKit -framework CoreServices
ld: warning: ignoring duplicate libraries: '-lpthread'
scons: done building targets.
EXIT 0
